,mean_fit_time,std_fit_time,mean_score_time,std_score_time,param_model__C,param_model__class_weight,param_model__gamma,param_model__kernel,params,split0_test_score,split1_test_score,split2_test_score,split3_test_score,split4_test_score,mean_test_score,std_test_score,rank_test_score
274,2.5138532161712646,0.09800035237893236,0.14320292472839355,0.0060415319026482835,1000,balanced,0.001,rbf,"{'model__C': 1000, 'model__class_weight': 'balanced', 'model__gamma': 0.001, 'model__kernel': 'rbf'}",0.9358144420558921,0.9272645104553451,0.915172464334571,0.9430452413523549,0.9455967976710334,0.9333786911738393,0.011113119298120207,1
235,2.1479085445404054,0.036442245377189576,0.14697761535644532,0.005600366945779618,100,balanced,0.01,rbf,"{'model__C': 100, 'model__class_weight': 'balanced', 'model__gamma': 0.01, 'model__kernel': 'rbf'}",0.9365717217119406,0.9255056673832325,0.9118868477623608,0.9383549931600547,0.9485686559922368,0.932177577201965,0.012508912979337788,2
277,2.6960058212280273,0.0708890350976318,0.13020219802856445,0.005630789044486718,1000,balanced,0.01,rbf,"{'model__C': 1000, 'model__class_weight': 'balanced', 'model__gamma': 0.01, 'model__kernel': 'rbf'}",0.9388557748680867,0.9269835841313271,0.9096272229822161,0.9363885088919288,0.9416060164968462,0.9306922214740808,0.011624890266706059,3
196,1.9540361404418944,0.04404926314698029,0.14047136306762695,0.007257677862650558,10,balanced,0.1,rbf,"{'model__C': 10, 'model__class_weight': 'balanced', 'model__gamma': 0.1, 'model__kernel': 'rbf'}",0.937780926324018,0.9274110807113543,0.9069645299980457,0.9391489153801055,0.9417515769044154,0.9306114058635877,0.012789146355221898,4
193,2.3584532260894777,0.10456035737872581,0.16187119483947754,0.005501893358639715,10,balanced,0.01,rbf,"{'model__C': 10, 'model__class_weight': 'balanced', 'model__gamma': 0.01, 'model__kernel': 'rbf'}",0.9301592730115302,0.9265560875512996,0.9144151846785226,0.9396130545241352,0.9422974284327995,0.9306082056396574,0.009965544263052978,5
154,2.277395248413086,0.058797202728465246,0.16961383819580078,0.006417811969737136,1,balanced,0.1,rbf,"{'model__C': 1, 'model__class_weight': 'balanced', 'model__gamma': 0.1, 'model__kernel': 'rbf'}",0.9316982606996288,0.9210108461989447,0.9103967168262653,0.9386969904240766,0.9485807860262009,0.9300767200350233,0.013332902974383578,6
232,2.4914066314697267,0.039650938136089685,0.1642523765563965,0.009255485723023234,100,balanced,0.001,rbf,"{'model__C': 100, 'model__class_weight': 'balanced', 'model__gamma': 0.001, 'model__kernel': 'rbf'}",0.9273011530193472,0.9251758843072112,0.9168091655266759,0.9387214188000781,0.9403323629306162,0.9296679969167856,0.00879572305981757,7
175,1.4832441329956054,0.020904718001188132,0.10944085121154785,0.005824682890754848,10,,0.1,rbf,"{'model__C': 10, 'model__class_weight': None, 'model__gamma': 0.1, 'model__kernel': 'rbf'}",0.9355090873558726,0.9269713699433262,0.9017735000977134,0.941420754348251,0.9388524987869965,0.928905442106432,0.014415741534819613,8
256,2.2749425888061525,0.059002958440771996,0.10342493057250976,0.008640693630617143,1000,,0.01,rbf,"{'model__C': 1000, 'model__class_weight': None, 'model__gamma': 0.01, 'model__kernel': 'rbf'}",0.9343731678717999,0.9291699237834669,0.9080027359781123,0.9353136603478601,0.9338791848617176,0.9281477345685915,0.010293899878575409,9
159,2.545609474182129,0.11145703131728275,0.06355490684509277,0.014015543096919204,1,balanced,10,linear,"{'model__C': 1, 'model__class_weight': 'balanced', 'model__gamma': 10, 'model__kernel': 'linear'}",0.9280584326753958,0.9170045925346884,0.9175664451827242,0.9401504787961696,0.9341703056768559,0.9273900509731667,0.00909514248240474,10
162,2.5884257316589356,0.11667205250818209,0.05803108215332031,0.006207956062011236,1,balanced,100,linear,"{'model__C': 1, 'model__class_weight': 'balanced', 'model__gamma': 100, 'model__kernel': 'linear'}",0.9280584326753958,0.9170045925346884,0.9175664451827242,0.9401504787961696,0.9341703056768559,0.9273900509731667,0.00909514248240474,10
147,2.5202528476715087,0.09555165420039972,0.05501976013183594,0.0036510774556382498,1,balanced,0.001,linear,"{'model__C': 1, 'model__class_weight': 'balanced', 'model__gamma': 0.001, 'model__kernel': 'linear'}",0.9280584326753958,0.9170045925346884,0.9175664451827242,0.9401504787961696,0.9341703056768559,0.9273900509731667,0.00909514248240474,10
150,2.5037548542022705,0.1305556013301142,0.057949495315551755,0.002427583430135538,1,balanced,0.01,linear,"{'model__C': 1, 'model__class_weight': 'balanced', 'model__gamma': 0.01, 'model__kernel': 'linear'}",0.9280584326753958,0.9170045925346884,0.9175664451827242,0.9401504787961696,0.9341703056768559,0.9273900509731667,0.00909514248240474,10
153,2.5563031673431396,0.10106144858548873,0.05474004745483398,0.0005971301450605062,1,balanced,0.1,linear,"{'model__C': 1, 'model__class_weight': 'balanced', 'model__gamma': 0.1, 'model__kernel': 'linear'}",0.9280584326753958,0.9170045925346884,0.9175664451827242,0.9401504787961696,0.9341703056768559,0.9273900509731667,0.00909514248240474,10
156,2.520627164840698,0.12037834857632489,0.05681476593017578,0.004673949191329289,1,balanced,1,linear,"{'model__C': 1, 'model__class_weight': 'balanced', 'model__gamma': 1, 'model__kernel': 'linear'}",0.9280584326753958,0.9170045925346884,0.9175664451827242,0.9401504787961696,0.9341703056768559,0.9273900509731667,0.00909514248240474,10
165,2.5457598209381103,0.11047054245271204,0.05889835357666016,0.006385599918444832,1,balanced,1000,linear,"{'model__C': 1, 'model__class_weight': 'balanced', 'model__gamma': 1000, 'model__kernel': 'linear'}",0.9280584326753958,0.9170045925346884,0.9175664451827242,0.9401504787961696,0.9341703056768559,0.9273900509731667,0.00909514248240474,10
214,1.718843412399292,0.0815798367694192,0.0971494197845459,0.0060605692607557,100,,0.01,rbf,"{'model__C': 100, 'model__class_weight': None, 'model__gamma': 0.01, 'model__kernel': 'rbf'}",0.9260675200312684,0.9283271448114129,0.9111784248583155,0.9413230408442447,0.9300097040271712,0.9273811669144825,0.009658513845101711,17
207,2.907175970077515,0.17836860585325637,0.0645362377166748,0.00685637566683231,10,balanced,1000,linear,"{'model__C': 10, 'model__class_weight': 'balanced', 'model__gamma': 1000, 'model__kernel': 'linear'}",0.9345808090678133,0.9218536251709986,0.9158686730506155,0.9346296658198163,0.9260674429888405,0.9266000432196169,0.007295778445478968,18
189,2.8982073783874513,0.19886494676160954,0.060404205322265626,0.009892028289491126,10,balanced,0.001,linear,"{'model__C': 10, 'model__class_weight': 'balanced', 'model__gamma': 0.001, 'model__kernel': 'linear'}",0.9345808090678133,0.9218536251709986,0.9158686730506155,0.9346296658198163,0.9260674429888405,0.9266000432196169,0.007295778445478968,18
192,2.953776216506958,0.2090825005477036,0.05627436637878418,0.0022860893948206777,10,balanced,0.01,linear,"{'model__C': 10, 'model__class_weight': 'balanced', 'model__gamma': 0.01, 'model__kernel': 'linear'}",0.9345808090678133,0.9218536251709986,0.9158686730506155,0.9346296658198163,0.9260674429888405,0.9266000432196169,0.007295778445478968,18
195,2.89660005569458,0.20922521683082101,0.055646657943725586,0.0031974122664301815,10,balanced,0.1,linear,"{'model__C': 10, 'model__class_weight': 'balanced', 'model__gamma': 0.1, 'model__kernel': 'linear'}",0.9345808090678133,0.9218536251709986,0.9158686730506155,0.9346296658198163,0.9260674429888405,0.9266000432196169,0.007295778445478968,18
198,2.8914552211761473,0.195241891306181,0.05504007339477539,0.006478121145960892,10,balanced,1,linear,"{'model__C': 10, 'model__class_weight': 'balanced', 'model__gamma': 1, 'model__kernel': 'linear'}",0.9345808090678133,0.9218536251709986,0.9158686730506155,0.9346296658198163,0.9260674429888405,0.9266000432196169,0.007295778445478968,18
201,2.8611169338226317,0.15569641528712777,0.05552453994750976,0.004158628782824526,10,balanced,10,linear,"{'model__C': 10, 'model__class_weight': 'balanced', 'model__gamma': 10, 'model__kernel': 'linear'}",0.9345808090678133,0.9218536251709986,0.9158686730506155,0.9346296658198163,0.9260674429888405,0.9266000432196169,0.007295778445478968,18
204,2.8987287998199465,0.192007246987734,0.05470576286315918,0.0051384326024525645,10,balanced,100,linear,"{'model__C': 10, 'model__class_weight': 'balanced', 'model__gamma': 100, 'model__kernel': 'linear'}",0.9345808090678133,0.9218536251709986,0.9158686730506155,0.9346296658198163,0.9260674429888405,0.9266000432196169,0.007295778445478968,18
246,4.290918397903442,0.10391627209073097,0.06082186698913574,0.006057508817668901,100,balanced,100,linear,"{'model__C': 100, 'model__class_weight': 'balanced', 'model__gamma': 100, 'model__kernel': 'linear'}",0.9310020519835841,0.9143785421145202,0.9083203048661326,0.9420681063122924,0.9322052401746724,0.9255948490902404,0.012397731544496833,25
243,4.364741325378418,0.12677943218237725,0.06241130828857422,0.0035076779986692773,100,balanced,10,linear,"{'model__C': 100, 'model__class_weight': 'balanced', 'model__gamma': 10, 'model__kernel': 'linear'}",0.9310020519835841,0.9143785421145202,0.9083203048661326,0.9420681063122924,0.9322052401746724,0.9255948490902404,0.012397731544496833,25
240,4.298148727416992,0.07866843481766765,0.06711406707763672,0.008905344848139651,100,balanced,1,linear,"{'model__C': 100, 'model__class_weight': 'balanced', 'model__gamma': 1, 'model__kernel': 'linear'}",0.9310020519835841,0.9143785421145202,0.9083203048661326,0.9420681063122924,0.9322052401746724,0.9255948490902404,0.012397731544496833,25
249,4.396817779541015,0.08892702093424434,0.05974221229553223,0.00473584061158992,100,balanced,1000,linear,"{'model__C': 100, 'model__class_weight': 'balanced', 'model__gamma': 1000, 'model__kernel': 'linear'}",0.9310020519835841,0.9143785421145202,0.9083203048661326,0.9420681063122924,0.9322052401746724,0.9255948490902404,0.012397731544496833,25
237,4.34215898513794,0.06106107783385955,0.061086606979370114,0.0037797364650466276,100,balanced,0.1,linear,"{'model__C': 100, 'model__class_weight': 'balanced', 'model__gamma': 0.1, 'model__kernel': 'linear'}",0.9310020519835841,0.9143785421145202,0.9083203048661326,0.9420681063122924,0.9322052401746724,0.9255948490902404,0.012397731544496833,25
231,4.285014581680298,0.06591733124788815,0.05907473564147949,0.0025614261968955566,100,balanced,0.001,linear,"{'model__C': 100, 'model__class_weight': 'balanced', 'model__gamma': 0.001, 'model__kernel': 'linear'}",0.9310020519835841,0.9143785421145202,0.9083203048661326,0.9420681063122924,0.9322052401746724,0.9255948490902404,0.012397731544496833,25
234,4.324590396881104,0.10128999804023603,0.06127605438232422,0.0036112960468008323,100,balanced,0.01,linear,"{'model__C': 100, 'model__class_weight': 'balanced', 'model__gamma': 0.01, 'model__kernel': 'linear'}",0.9310020519835841,0.9143785421145202,0.9083203048661326,0.9420681063122924,0.9322052401746724,0.9255948490902404,0.012397731544496833,25
133,1.4692798614501954,0.013875966088959435,0.11355290412902833,0.005475141337609844,1,,0.1,rbf,"{'model__C': 1, 'model__class_weight': None, 'model__gamma': 0.1, 'model__kernel': 'rbf'}",0.9266415868673051,0.9241621067031465,0.8975351768614422,0.9338601719757671,0.943728772440563,0.9251855629696448,0.015406562102845146,32
172,1.6413323402404785,0.08807238709951273,0.10656538009643554,0.011997032721783018,10,,0.01,rbf,"{'model__C': 10, 'model__class_weight': None, 'model__gamma': 0.01, 'model__kernel': 'rbf'}",0.9225620480750439,0.9281561461794019,0.9000757279656049,0.9348495212038304,0.933539543910723,0.9238365974669209,0.012651431188736528,33
111,2.0109605312347414,0.05847437956944187,0.05722279548645019,0.0020099524676209365,0.1,balanced,0.1,linear,"{'model__C': 0.1, 'model__class_weight': 'balanced', 'model__gamma': 0.1, 'model__kernel': 'linear'}",0.918922220050811,0.9163572405706469,0.9108852843462968,0.9361320109439125,0.9306283357593401,0.9225850183342015,0.009352016322631917,34
108,1.9807745933532714,0.031178518619473364,0.05948052406311035,0.0015187026610391065,0.1,balanced,0.01,linear,"{'model__C': 0.1, 'model__class_weight': 'balanced', 'model__gamma': 0.01, 'model__kernel': 'linear'}",0.918922220050811,0.9163572405706469,0.9108852843462968,0.9361320109439125,0.9306283357593401,0.9225850183342015,0.009352016322631917,34
105,1.969074296951294,0.032053786167813715,0.05386996269226074,0.001944637787323887,0.1,balanced,0.001,linear,"{'model__C': 0.1, 'model__class_weight': 'balanced', 'model__gamma': 0.001, 'model__kernel': 'linear'}",0.918922220050811,0.9163572405706469,0.9108852843462968,0.9361320109439125,0.9306283357593401,0.9225850183342015,0.009352016322631917,34
123,1.9798619747161865,0.037494565737871466,0.059039974212646486,0.0024660183728826466,0.1,balanced,1000,linear,"{'model__C': 0.1, 'model__class_weight': 'balanced', 'model__gamma': 1000, 'model__kernel': 'linear'}",0.918922220050811,0.9163572405706469,0.9108852843462968,0.9361320109439125,0.9306283357593401,0.9225850183342015,0.009352016322631917,34
114,1.9689629077911377,0.02271562098920224,0.057184791564941405,0.004545274161584422,0.1,balanced,1,linear,"{'model__C': 0.1, 'model__class_weight': 'balanced', 'model__gamma': 1, 'model__kernel': 'linear'}",0.918922220050811,0.9163572405706469,0.9108852843462968,0.9361320109439125,0.9306283357593401,0.9225850183342015,0.009352016322631917,34
117,1.9696068286895752,0.03926752788147453,0.055527544021606444,0.0037113124333660414,0.1,balanced,10,linear,"{'model__C': 0.1, 'model__class_weight': 'balanced', 'model__gamma': 10, 'model__kernel': 'linear'}",0.918922220050811,0.9163572405706469,0.9108852843462968,0.9361320109439125,0.9306283357593401,0.9225850183342015,0.009352016322631917,34
120,2.02545428276062,0.023438111885981206,0.05783376693725586,0.0037333715085256236,0.1,balanced,100,linear,"{'model__C': 0.1, 'model__class_weight': 'balanced', 'model__gamma': 100, 'model__kernel': 'linear'}",0.918922220050811,0.9163572405706469,0.9108852843462968,0.9361320109439125,0.9306283357593401,0.9225850183342015,0.009352016322631917,34
211,2.436506462097168,0.13991971118130725,0.11483659744262695,0.006831923042052204,100,,0.001,rbf,"{'model__C': 100, 'model__class_weight': None, 'model__gamma': 0.001, 'model__kernel': 'rbf'}",0.9204001367989058,0.9265560875512996,0.8969488958374048,0.9384160641000586,0.9298884036875303,0.9224419175950398,0.014011516215407704,41
233,2.271740198135376,0.041697991787086865,0.06391582489013672,0.00204083721532262,100,balanced,0.001,sigmoid,"{'model__C': 100, 'model__class_weight': 'balanced', 'model__gamma': 0.001, 'model__kernel': 'sigmoid'}",0.9185191518467852,0.9159541723666211,0.9118868477623607,0.9343853820598006,0.9302644347404173,0.922201997755197,0.008630628467270019,42
136,2.3642642974853514,0.07516942018687982,0.19861092567443847,0.014571768868832066,1,,1,rbf,"{'model__C': 1, 'model__class_weight': None, 'model__gamma': 1, 'model__kernel': 'rbf'}",0.9207665624389291,0.9212429157709595,0.9081493062341215,0.9321501856556578,0.9275958272683164,0.9219809594735968,0.008102764978647639,43
253,2.5511923313140867,0.14742279330363448,0.10592341423034668,0.006502260341569598,1000,,0.001,rbf,"{'model__C': 1000, 'model__class_weight': None, 'model__gamma': 0.001, 'model__kernel': 'rbf'}",0.9234292554230995,0.9259942349032636,0.9018589994137188,0.9314051201876099,0.9242721979621542,0.9213919615779693,0.01015310005715263,44
236,2.3140278816223145,0.0699223664595693,0.05109100341796875,0.004338907396801742,100,balanced,0.01,sigmoid,"{'model__C': 100, 'model__class_weight': 'balanced', 'model__gamma': 0.01, 'model__kernel': 'sigmoid'}",0.9178351573187414,0.9161618135626344,0.9117524916943521,0.9308310533515731,0.9289907811741872,0.9211142594202977,0.007474993040296946,45
157,2.7238222122192384,0.04305679958407932,0.21356191635131835,0.006040932163159318,1,balanced,1,rbf,"{'model__C': 1, 'model__class_weight': 'balanced', 'model__gamma': 1, 'model__kernel': 'rbf'}",0.9251514559312098,0.9165893101426618,0.9102012898182529,0.9243941762751612,0.9282387190684134,0.9209149902471397,0.006590664094059785,46
217,1.724670171737671,0.03523096593605346,0.10416889190673828,0.0043400358357101486,100,,0.1,rbf,"{'model__C': 100, 'model__class_weight': None, 'model__gamma': 0.1, 'model__kernel': 'rbf'}",0.924186535079148,0.9252247410592145,0.9095905804182137,0.9309776236075825,0.9112202814167879,0.9202399523161894,0.00837239277667244,47
238,1.9887351512908935,0.042328437495037424,0.12738428115844727,0.011261778119928408,100,balanced,0.1,rbf,"{'model__C': 100, 'model__class_weight': 'balanced', 'model__gamma': 0.1, 'model__kernel': 'rbf'}",0.9320280437756497,0.9176885870627322,0.9065370334180184,0.9214871995309751,0.9209728287239204,0.9197427385022591,0.008174291122818995,48
94,2.5031991004943848,0.027876122326477046,0.19572362899780274,0.013918167779036466,0.1,,1,rbf,"{'model__C': 0.1, 'model__class_weight': None, 'model__gamma': 1, 'model__kernel': 'rbf'}",0.9137067617744772,0.9202902091068986,0.9044972640218879,0.928156146179402,0.9289907811741873,0.9191282324513705,0.009204138904032667,49
52,2.4133802890777587,0.053730813251367075,0.19704127311706543,0.004503982099007611,0.01,,1,rbf,"{'model__C': 0.01, 'model__class_weight': None, 'model__gamma': 1, 'model__kernel': 'rbf'}",0.9113982802423295,0.9214261285909713,0.905498827437952,0.9280828610513973,0.9283478893740902,0.918950797339348,0.009119464895315147,50
49,1.9052104473114013,0.07760755024105545,0.15932321548461914,0.02312588466189959,0.01,,0.1,rbf,"{'model__C': 0.01, 'model__class_weight': None, 'model__gamma': 0.1, 'model__kernel': 'rbf'}",0.926140805159273,0.9143663279265194,0.885064490912644,0.9236613249951143,0.9384279475982533,0.9175321793183608,0.017958181439380706,51
112,3.7720171928405763,0.08689096535205186,0.27969999313354493,0.012574744949785647,0.1,balanced,0.1,rbf,"{'model__C': 0.1, 'model__class_weight': 'balanced', 'model__gamma': 0.1, 'model__kernel': 'rbf'}",0.9113249951143247,0.9096150087942153,0.9078928082861051,0.9253713113152238,0.9332605531295487,0.9174929353278836,0.01002949880605689,52
91,2.01637806892395,0.03576014032095342,0.15544867515563965,0.003594438695467751,0.1,,0.1,rbf,"{'model__C': 0.1, 'model__class_weight': None, 'model__gamma': 0.1, 'model__kernel': 'rbf'}",0.9235513973031072,0.9131937658784445,0.8821330857924564,0.92390560875513,0.9394590004852014,0.9164485716428679,0.01909808210305639,53
194,2.405467176437378,0.07345413273289267,0.06117229461669922,0.0007705195748750514,10,balanced,0.01,sigmoid,"{'model__C': 10, 'model__class_weight': 'balanced', 'model__gamma': 0.01, 'model__kernel': 'sigmoid'}",0.9080027359781122,0.912094488958374,0.9080760211061168,0.9282050029314052,0.9229378942261038,0.9158632286400223,0.008234095343951425,54
115,4.156556892395019,0.03586523655577246,0.3145317077636719,0.024527795181554107,0.1,balanced,1,rbf,"{'model__C': 0.1, 'model__class_weight': 'balanced', 'model__gamma': 1, 'model__kernel': 'rbf'}",0.9097493648622239,0.9137922610904827,0.8996482313855775,0.9277652921633769,0.9280082484230957,0.9157926795849514,0.01089706482173736,55
151,3.517871952056885,0.06875682356129488,0.2699301719665527,0.022873945087700093,1,balanced,0.01,rbf,"{'model__C': 1, 'model__class_weight': 'balanced', 'model__gamma': 0.01, 'model__kernel': 'rbf'}",0.9108974985342975,0.9127540551104163,0.8982069572014852,0.9218658393589995,0.9302886948083454,0.9148026090027088,0.010812679558491899,56
84,1.1583162307739259,0.02829980085242631,0.0417752742767334,0.0011363717641414577,0.1,,0.001,linear,"{'model__C': 0.1, 'model__class_weight': None, 'model__gamma': 0.001, 'model__kernel': 'linear'}",0.922281121751026,0.9104333593902678,0.8916479382450655,0.9217436974789915,0.9160480349344978,0.9124308303599697,0.011249536864545235,57
96,1.1304592132568358,0.037953442970432565,0.041508054733276366,0.003342883201694308,0.1,,10,linear,"{'model__C': 0.1, 'model__class_weight': None, 'model__gamma': 10, 'model__kernel': 'linear'}",0.922281121751026,0.9104333593902678,0.8916479382450655,0.9217436974789915,0.9160480349344978,0.9124308303599697,0.011249536864545235,57
87,1.1634467601776124,0.039072138070812404,0.04054527282714844,0.003920957286717156,0.1,,0.01,linear,"{'model__C': 0.1, 'model__class_weight': None, 'model__gamma': 0.01, 'model__kernel': 'linear'}",0.922281121751026,0.9104333593902678,0.8916479382450655,0.9217436974789915,0.9160480349344978,0.9124308303599697,0.011249536864545235,57
90,1.1768983364105225,0.08377724700534457,0.04216909408569336,0.003576866521207705,0.1,,0.1,linear,"{'model__C': 0.1, 'model__class_weight': None, 'model__gamma': 0.1, 'model__kernel': 'linear'}",0.922281121751026,0.9104333593902678,0.8916479382450655,0.9217436974789915,0.9160480349344978,0.9124308303599697,0.011249536864545235,57
102,1.145676565170288,0.048091294301494086,0.040142059326171875,0.0019427816368572806,0.1,,1000,linear,"{'model__C': 0.1, 'model__class_weight': None, 'model__gamma': 1000, 'model__kernel': 'linear'}",0.922281121751026,0.9104333593902678,0.8916479382450655,0.9217436974789915,0.9160480349344978,0.9124308303599697,0.011249536864545235,57
99,1.1378501892089843,0.03946177951616798,0.038434314727783206,0.0044501135603041714,0.1,,100,linear,"{'model__C': 0.1, 'model__class_weight': None, 'model__gamma': 100, 'model__kernel': 'linear'}",0.922281121751026,0.9104333593902678,0.8916479382450655,0.9217436974789915,0.9160480349344978,0.9124308303599697,0.011249536864545235,57
93,1.1522234439849854,0.04619718430340146,0.04190340042114258,0.003079738857536928,0.1,,1,linear,"{'model__C': 0.1, 'model__class_weight': None, 'model__gamma': 1, 'model__kernel': 'linear'}",0.922281121751026,0.9104333593902678,0.8916479382450655,0.9217436974789915,0.9160480349344978,0.9124308303599697,0.011249536864545235,57
190,3.540950632095337,0.046453706387612204,0.2842865467071533,0.023707832068226985,10,balanced,0.001,rbf,"{'model__C': 10, 'model__class_weight': 'balanced', 'model__gamma': 0.001, 'model__kernel': 'rbf'}",0.9086500879421535,0.9110074262263044,0.8936022083251906,0.9193863591948408,0.9268558951965066,0.9119003953769992,0.011188316860380762,64
275,2.9112794399261475,0.16435452170215398,0.06569223403930664,0.002433831771467197,1000,balanced,0.001,sigmoid,"{'model__C': 1000, 'model__class_weight': 'balanced', 'model__gamma': 0.001, 'model__kernel': 'sigmoid'}",0.9036056282978309,0.9163816689466484,0.8803009575923392,0.9377687121360173,0.9209849587578846,0.911808385146144,0.019178457791822583,65
130,2.097377967834473,0.05244785184977154,0.1502216339111328,0.009419248698114039,1,,0.01,rbf,"{'model__C': 1, 'model__class_weight': None, 'model__gamma': 0.01, 'model__kernel': 'rbf'}",0.9205344928669142,0.9058408247019738,0.875170998632011,0.918140512018761,0.9374818049490539,0.9114337266337428,0.020748847169411975,66
10,1.7137264728546142,0.019193028494157653,0.1362166404724121,0.012935414579684027,0.001,,1,rbf,"{'model__C': 0.001, 'model__class_weight': None, 'model__gamma': 1, 'model__kernel': 'rbf'}",0.9012605042016807,0.9091020128981826,0.8906708032050029,0.9228918311510651,0.9261280931586608,0.9100106489229185,0.013244751026333532,67
144,2.056623411178589,0.2470838483407048,0.04797353744506836,0.011314309831316705,1,,1000,linear,"{'model__C': 1, 'model__class_weight': None, 'model__gamma': 1000, 'model__kernel': 'linear'}",0.9261530193472738,0.9111539964823139,0.8947503419972641,0.9205100644909127,0.8930373605046094,0.9091209565644748,0.013335162680380248,68
141,1.9733942031860352,0.14084814554541208,0.03808155059814453,0.003821579707661152,1,,100,linear,"{'model__C': 1, 'model__class_weight': None, 'model__gamma': 100, 'model__kernel': 'linear'}",0.9261530193472738,0.9111539964823139,0.8947503419972641,0.9205100644909127,0.8930373605046094,0.9091209565644748,0.013335162680380248,68
126,2.0613545417785644,0.1889272820234756,0.04116401672363281,0.0012884282747349153,1,,0.001,linear,"{'model__C': 1, 'model__class_weight': None, 'model__gamma': 0.001, 'model__kernel': 'linear'}",0.9261530193472738,0.9111539964823139,0.8947503419972641,0.9205100644909127,0.8930373605046094,0.9091209565644748,0.013335162680380248,68
129,1.9568404674530029,0.15350755670932212,0.040385103225708006,0.0008678721276518743,1,,0.01,linear,"{'model__C': 1, 'model__class_weight': None, 'model__gamma': 0.01, 'model__kernel': 'linear'}",0.9261530193472738,0.9111539964823139,0.8947503419972641,0.9205100644909127,0.8930373605046094,0.9091209565644748,0.013335162680380248,68
138,1.9958037376403808,0.17553250456782124,0.041126585006713866,0.0016595269744029252,1,,10,linear,"{'model__C': 1, 'model__class_weight': None, 'model__gamma': 10, 'model__kernel': 'linear'}",0.9261530193472738,0.9111539964823139,0.8947503419972641,0.9205100644909127,0.8930373605046094,0.9091209565644748,0.013335162680380248,68
135,1.9687915325164795,0.14615651212597433,0.04079976081848145,0.000505615390891132,1,,1,linear,"{'model__C': 1, 'model__class_weight': None, 'model__gamma': 1, 'model__kernel': 'linear'}",0.9261530193472738,0.9111539964823139,0.8947503419972641,0.9205100644909127,0.8930373605046094,0.9091209565644748,0.013335162680380248,68
132,1.9860154151916505,0.1389571653870802,0.043253517150878905,0.002285658466112293,1,,0.1,linear,"{'model__C': 1, 'model__class_weight': None, 'model__gamma': 0.1, 'model__kernel': 'linear'}",0.9261530193472738,0.9111539964823139,0.8947503419972641,0.9205100644909127,0.8930373605046094,0.9091209565644748,0.013335162680380248,68
278,2.52645583152771,0.08785106100612258,0.048775768280029295,0.006523344559660692,1000,balanced,0.01,sigmoid,"{'model__C': 1000, 'model__class_weight': 'balanced', 'model__gamma': 0.01, 'model__kernel': 'sigmoid'}",0.9038743404338481,0.9120212038303694,0.8935289231971858,0.9159297439906197,0.9174308588064046,0.9085570140516854,0.00886424080503614,75
212,1.3252068519592286,0.059471350339086015,0.04751954078674316,0.003272698727006052,100,,0.001,sigmoid,"{'model__C': 100, 'model__class_weight': None, 'model__gamma': 0.001, 'model__kernel': 'sigmoid'}",0.9220246238030095,0.9106287863982802,0.8864691225327341,0.9200581395348837,0.9011766132945173,0.9080714571126849,0.013108097343509918,76
75,2.78487229347229,0.05255079179867272,0.08819475173950195,0.005090088620143603,0.01,balanced,10,linear,"{'model__C': 0.01, 'model__class_weight': 'balanced', 'model__gamma': 10, 'model__kernel': 'linear'}",0.8993062341215556,0.9101402188782489,0.8838919288645691,0.9109463552863005,0.9302401746724892,0.9069049823646326,0.01522282665403588,77
66,2.7619608879089355,0.05031795899244979,0.09068708419799805,0.0028154380913792743,0.01,balanced,0.01,linear,"{'model__C': 0.01, 'model__class_weight': 'balanced', 'model__gamma': 0.01, 'model__kernel': 'linear'}",0.8993062341215556,0.9101402188782489,0.8838919288645691,0.9109463552863005,0.9302401746724892,0.9069049823646326,0.01522282665403588,77
69,2.8790841579437254,0.1200177222668275,0.1013094425201416,0.014098010734994944,0.01,balanced,0.1,linear,"{'model__C': 0.01, 'model__class_weight': 'balanced', 'model__gamma': 0.1, 'model__kernel': 'linear'}",0.8993062341215556,0.9101402188782489,0.8838919288645691,0.9109463552863005,0.9302401746724892,0.9069049823646326,0.01522282665403588,77
81,2.780495357513428,0.042847496983561294,0.09259004592895508,0.004410186009073453,0.01,balanced,1000,linear,"{'model__C': 0.01, 'model__class_weight': 'balanced', 'model__gamma': 1000, 'model__kernel': 'linear'}",0.8993062341215556,0.9101402188782489,0.8838919288645691,0.9109463552863005,0.9302401746724892,0.9069049823646326,0.01522282665403588,77
63,2.7211992740631104,0.054596018466100425,0.09447455406188965,0.007791766484641457,0.01,balanced,0.001,linear,"{'model__C': 0.01, 'model__class_weight': 'balanced', 'model__gamma': 0.001, 'model__kernel': 'linear'}",0.8993062341215556,0.9101402188782489,0.8838919288645691,0.9109463552863005,0.9302401746724892,0.9069049823646326,0.01522282665403588,77
78,2.753269815444946,0.04237942304508724,0.09118242263793945,0.005341552226672343,0.01,balanced,100,linear,"{'model__C': 0.01, 'model__class_weight': 'balanced', 'model__gamma': 100, 'model__kernel': 'linear'}",0.8993062341215556,0.9101402188782489,0.8838919288645691,0.9109463552863005,0.9302401746724892,0.9069049823646326,0.01522282665403588,77
72,2.7876911640167235,0.03544160343666873,0.09322261810302734,0.005362877747552012,0.01,balanced,1,linear,"{'model__C': 0.01, 'model__class_weight': 'balanced', 'model__gamma': 1, 'model__kernel': 'linear'}",0.8993062341215556,0.9101402188782489,0.8838919288645691,0.9109463552863005,0.9302401746724892,0.9069049823646326,0.01522282665403588,77
191,3.285730075836182,0.06429169285669616,0.1121683120727539,0.00856460905079893,10,balanced,0.001,sigmoid,"{'model__C': 10, 'model__class_weight': 'balanced', 'model__gamma': 0.001, 'model__kernel': 'sigmoid'}",0.8993428766855579,0.9101157905022473,0.8839163572405706,0.9109707836623021,0.9301673944687047,0.9069026405118764,0.015189747502596343,84
152,3.214302349090576,0.04079931317273186,0.11905202865600586,0.006254437984850545,1,balanced,0.01,sigmoid,"{'model__C': 1, 'model__class_weight': 'balanced', 'model__gamma': 0.01, 'model__kernel': 'sigmoid'}",0.8989031659175298,0.9102990033222592,0.8835377174125464,0.9107142857142858,0.9302765647743814,0.9067461474282006,0.015376560276701222,85
169,2.2902079105377195,0.034595152644817634,0.15617194175720214,0.005121762688534537,10,,0.001,rbf,"{'model__C': 10, 'model__class_weight': None, 'model__gamma': 0.001, 'model__kernel': 'rbf'}",0.9103356458862615,0.9075874535860856,0.8546389486026968,0.9188245065468047,0.934825327510917,0.9052423764265531,0.027025073327045384,86
88,1.8787947654724122,0.03422525426062065,0.1464533805847168,0.011692882074558127,0.1,,0.01,rbf,"{'model__C': 0.1, 'model__class_weight': None, 'model__gamma': 0.01, 'model__kernel': 'rbf'}",0.8978527457494626,0.904814832909908,0.8648622239593511,0.9210230603869456,0.9321081999029597,0.9041322125817255,0.023021669299980476,87
113,3.7153231143951415,0.05087504030851734,0.12554755210876464,0.004381427678477221,0.1,balanced,0.1,sigmoid,"{'model__C': 0.1, 'model__class_weight': 'balanced', 'model__gamma': 0.1, 'model__kernel': 'sigmoid'}",0.8945182724252492,0.905999609145984,0.8783711158882158,0.9080638069181162,0.9249029597282873,0.9023711528211704,0.015433235770660548,88
171,2.748400115966797,0.2532391912347095,0.047979545593261716,0.004053973321529385,10,,0.01,linear,"{'model__C': 10, 'model__class_weight': None, 'model__gamma': 0.01, 'model__kernel': 'linear'}",0.8839041430525698,0.9076973812780927,0.8954099081493063,0.9176641586867305,0.8946142649199418,0.8998579712173281,0.011664673301874361,89
177,2.8422547340393067,0.2636172228427769,0.047386789321899415,0.006792290761789806,10,,1,linear,"{'model__C': 10, 'model__class_weight': None, 'model__gamma': 1, 'model__kernel': 'linear'}",0.8839041430525698,0.9076973812780927,0.8954099081493063,0.9176641586867305,0.8946142649199418,0.8998579712173281,0.011664673301874361,89
168,2.8015167236328127,0.22869523239984563,0.04618825912475586,0.0033702181380119685,10,,0.001,linear,"{'model__C': 10, 'model__class_weight': None, 'model__gamma': 0.001, 'model__kernel': 'linear'}",0.8839041430525698,0.9076973812780927,0.8954099081493063,0.9176641586867305,0.8946142649199418,0.8998579712173281,0.011664673301874361,89
180,2.966715860366821,0.22181011839854312,0.05027475357055664,0.008313614783364743,10,,10,linear,"{'model__C': 10, 'model__class_weight': None, 'model__gamma': 10, 'model__kernel': 'linear'}",0.8839041430525698,0.9076973812780927,0.8954099081493063,0.9176641586867305,0.8946142649199418,0.8998579712173281,0.011664673301874361,89
174,2.8108285903930663,0.2145173051866453,0.05394368171691895,0.00431462383928772,10,,0.1,linear,"{'model__C': 10, 'model__class_weight': None, 'model__gamma': 0.1, 'model__kernel': 'linear'}",0.8839041430525698,0.9076973812780927,0.8954099081493063,0.9176641586867305,0.8946142649199418,0.8998579712173281,0.011664673301874361,89
183,2.7818429470062256,0.24160784132409024,0.049893522262573244,0.005141560151680803,10,,100,linear,"{'model__C': 10, 'model__class_weight': None, 'model__gamma': 100, 'model__kernel': 'linear'}",0.8839041430525698,0.9076973812780927,0.8954099081493063,0.9176641586867305,0.8946142649199418,0.8998579712173281,0.011664673301874361,89
186,2.8077395439147947,0.21499223070410814,0.045067453384399415,0.0031558695227727656,10,,1000,linear,"{'model__C': 10, 'model__class_weight': None, 'model__gamma': 1000, 'model__kernel': 'linear'}",0.8839041430525698,0.9076973812780927,0.8954099081493063,0.9176641586867305,0.8946142649199418,0.8998579712173281,0.011664673301874361,89
31,5.4814623355865475,0.08477996124602517,0.4651580810546875,0.012613776374826335,0.001,balanced,1,rbf,"{'model__C': 0.001, 'model__class_weight': 'balanced', 'model__gamma': 1, 'model__kernel': 'rbf'}",0.8957030486613251,0.8993795192495604,0.8672806331835059,0.917016806722689,0.9194808345463368,0.8997721684726834,0.018752177695808066,96
73,5.3881618022918705,0.07412103736971609,0.47394580841064454,0.023537316315907983,0.01,balanced,1,rbf,"{'model__C': 0.01, 'model__class_weight': 'balanced', 'model__gamma': 1, 'model__kernel': 'rbf'}",0.8957030486613251,0.8993795192495604,0.8672806331835059,0.917016806722689,0.9194808345463368,0.8997721684726834,0.018752177695808066,96
225,3.7313960075378416,0.08234205674875432,0.055388355255126955,0.0037355604285744092,100,,100,linear,"{'model__C': 100, 'model__class_weight': None, 'model__gamma': 100, 'model__kernel': 'linear'}",0.8866156927887434,0.9053400429939419,0.8953366230213017,0.9224887629470393,0.8783114992721981,0.8976185242046448,0.01534393177407001,98
213,3.6974637508392334,0.06164295802908398,0.056264829635620114,0.006179052293629212,100,,0.01,linear,"{'model__C': 100, 'model__class_weight': None, 'model__gamma': 0.01, 'model__kernel': 'linear'}",0.8866156927887434,0.9053400429939419,0.8953366230213017,0.9224887629470393,0.8783114992721981,0.8976185242046448,0.01534393177407001,98
216,3.7079904556274412,0.06169987182225659,0.05233774185180664,0.0017470910724116432,100,,0.1,linear,"{'model__C': 100, 'model__class_weight': None, 'model__gamma': 0.1, 'model__kernel': 'linear'}",0.8866156927887434,0.9053400429939419,0.8953366230213017,0.9224887629470393,0.8783114992721981,0.8976185242046448,0.01534393177407001,98
222,3.7702823638916017,0.09788444443652367,0.053593921661376956,0.002405853339832949,100,,10,linear,"{'model__C': 100, 'model__class_weight': None, 'model__gamma': 10, 'model__kernel': 'linear'}",0.8866156927887434,0.9053400429939419,0.8953366230213017,0.9224887629470393,0.8783114992721981,0.8976185242046448,0.01534393177407001,98
210,3.734286880493164,0.07059171282763886,0.05651588439941406,0.003959960762673179,100,,0.001,linear,"{'model__C': 100, 'model__class_weight': None, 'model__gamma': 0.001, 'model__kernel': 'linear'}",0.8866156927887434,0.9053400429939419,0.8953366230213017,0.9224887629470393,0.8783114992721981,0.8976185242046448,0.01534393177407001,98
219,3.7778558254241945,0.06788499158475131,0.053577423095703125,0.005976356657472429,100,,1,linear,"{'model__C': 100, 'model__class_weight': None, 'model__gamma': 1, 'model__kernel': 'linear'}",0.8866156927887434,0.9053400429939419,0.8953366230213017,0.9224887629470393,0.8783114992721981,0.8976185242046448,0.01534393177407001,98
228,3.7134422779083254,0.02875493043915837,0.05469412803649902,0.004827622453420187,100,,1000,linear,"{'model__C': 100, 'model__class_weight': None, 'model__gamma': 1000, 'model__kernel': 'linear'}",0.8866156927887434,0.9053400429939419,0.8953366230213017,0.9224887629470393,0.8783114992721981,0.8976185242046448,0.01534393177407001,98
7,1.5084758758544923,0.013008921179783126,0.13635473251342772,0.0050939718661791415,0.001,,0.1,rbf,"{'model__C': 0.001, 'model__class_weight': None, 'model__gamma': 0.1, 'model__kernel': 'rbf'}",0.8909639437170217,0.8994161618135627,0.8611368966191129,0.9181282978307601,0.9127486656962639,0.8964787931353444,0.020107218380113936,105
215,1.6495275497436523,0.055035228823408076,0.03250899314880371,0.0021891089649412154,100,,0.01,sigmoid,"{'model__C': 100, 'model__class_weight': None, 'model__gamma': 0.01, 'model__kernel': 'sigmoid'}",0.8893028141489154,0.9005032245456321,0.8753786398280243,0.908515731874145,0.9018558951965066,0.8951112611186447,0.011639223289176048,106
173,1.8539238452911377,0.03251377068508494,0.03744597434997558,0.0010451586271952192,10,,0.01,sigmoid,"{'model__C': 10, 'model__class_weight': None, 'model__gamma': 0.01, 'model__kernel': 'sigmoid'}",0.8977916748094588,0.8953976939613055,0.8652775063513778,0.9079783076021106,0.9040271712760795,0.8940944708000664,0.015081144593325983,107
199,2.1733845710754394,0.021809385785514848,0.17023177146911622,0.00765840467504983,10,balanced,1,rbf,"{'model__C': 10, 'model__class_weight': 'balanced', 'model__gamma': 1, 'model__kernel': 'rbf'}",0.9025796365057651,0.8995871604455735,0.8827560093804963,0.8960084033613445,0.8876394953905871,0.8937141410167533,0.007420713922849143,108
127,1.6556798934936523,0.02962133364509782,0.1502453327178955,0.007074148151775162,1,,0.001,rbf,"{'model__C': 1, 'model__class_weight': None, 'model__gamma': 0.001, 'model__kernel': 'rbf'}",0.8951167676372875,0.8981214578854798,0.8394933554817275,0.9135968340824703,0.9212032993692383,0.8935063428912408,0.02867767353751668,109
178,2.241366672515869,0.053491809611977026,0.1889486789703369,0.014113086651986555,10,,1,rbf,"{'model__C': 10, 'model__class_weight': None, 'model__gamma': 1, 'model__kernel': 'rbf'}",0.9033369161618136,0.8867622630447528,0.875109927692007,0.9017612859097128,0.8956331877729258,0.8925207161162424,0.010472450798905724,110
254,2.2875435829162596,0.16507188094087125,0.0477564811706543,0.0020109068088623875,1000,,0.001,sigmoid,"{'model__C': 1000, 'model__class_weight': None, 'model__gamma': 0.001, 'model__kernel': 'sigmoid'}",0.8850889192886456,0.895532050029314,0.8878126832128199,0.9137678327144811,0.8796700630761766,0.8923743096642873,0.011856958993703542,111
76,5.4961763381958,0.07598448707950657,0.4780322551727295,0.015188302308939389,0.01,balanced,10,rbf,"{'model__C': 0.01, 'model__class_weight': 'balanced', 'model__gamma': 10, 'model__kernel': 'rbf'}",0.8938709204612078,0.8939197772132109,0.8684165526675787,0.9011994332616767,0.9013221737020862,0.8917457714611521,0.012120843288482109,112
34,5.461540603637696,0.08851607735744815,0.5115351676940918,0.06464444315396863,0.001,balanced,10,rbf,"{'model__C': 0.001, 'model__class_weight': 'balanced', 'model__gamma': 10, 'model__kernel': 'rbf'}",0.8938709204612078,0.8939197772132109,0.8684165526675787,0.9011994332616767,0.9013221737020862,0.8917457714611521,0.012120843288482109,112
118,5.370122671127319,0.029384101037416583,0.46872897148132325,0.01299157249180328,0.1,balanced,10,rbf,"{'model__C': 0.1, 'model__class_weight': 'balanced', 'model__gamma': 10, 'model__kernel': 'rbf'}",0.8938709204612078,0.8939197772132109,0.8684165526675787,0.9011994332616767,0.9013221737020862,0.8917457714611521,0.012120843288482109,112
257,1.8322233200073241,0.0567673715862647,0.03245425224304199,0.003737234895804624,1000,,0.01,sigmoid,"{'model__C': 1000, 'model__class_weight': None, 'model__gamma': 0.01, 'model__kernel': 'sigmoid'}",0.8843194254445963,0.8927472151651358,0.8755496384600352,0.9054133281219464,0.8908296943231442,0.8897718603029716,0.009865372825560995,115
259,2.445524072647095,0.08725661139808708,0.10923562049865723,0.013755575059957958,1000,,0.1,rbf,"{'model__C': 1000, 'model__class_weight': None, 'model__gamma': 0.1, 'model__kernel': 'rbf'}",0.9078439515341019,0.8958374047293335,0.8829147938245067,0.885907269884698,0.8722464822901504,0.8889499804525581,0.012075654619897529,116
97,5.129001569747925,0.04175079112322064,0.442180871963501,0.013737917173571021,0.1,,10,rbf,"{'model__C': 0.1, 'model__class_weight': None, 'model__gamma': 10, 'model__kernel': 'rbf'}",0.889986808676959,0.8865179792847371,0.8653385772913816,0.9006131522376392,0.8983260553129551,0.8881565145607343,0.012532201857259177,117
139,5.290473604202271,0.05471320141986876,0.44208598136901855,0.008260930358193665,1,,10,rbf,"{'model__C': 1, 'model__class_weight': None, 'model__gamma': 10, 'model__kernel': 'rbf'}",0.8898524526089505,0.886469122532734,0.8653996482313856,0.9004421536056283,0.8982654051431344,0.8880857564243666,0.012463547045929101,118
55,4.660749292373657,0.05936396111521934,0.41614208221435545,0.016519793602706705,0.01,,10,rbf,"{'model__C': 0.01, 'model__class_weight': None, 'model__gamma': 10, 'model__kernel': 'rbf'}",0.8905364471369943,0.8859927692007035,0.8654240766073872,0.8994894469415673,0.8975497331392528,0.8877984946051811,0.012191280724541299,119
280,2.444233846664429,0.06469035313761744,0.1136209487915039,0.008371471296421037,1000,balanced,0.1,rbf,"{'model__C': 1000, 'model__class_weight': 'balanced', 'model__gamma': 0.1, 'model__kernel': 'rbf'}",0.9095172952902091,0.8921609341410983,0.8822796560484658,0.879421536056283,0.8643862202814167,0.8855531283634945,0.014928458973787093,120
148,5.3076173782348635,0.04882505916105848,0.4696922779083252,0.016073521122294654,1,balanced,0.001,rbf,"{'model__C': 1, 'model__class_weight': 'balanced', 'model__gamma': 0.001, 'model__kernel': 'rbf'}",0.8688806918116083,0.8834400039085402,0.8571062145788546,0.897828317373461,0.9126031052886949,0.8839716665922317,0.019806760207686583,121
109,5.36335597038269,0.08912283958581219,0.4658046722412109,0.013940309011548266,0.1,balanced,0.01,rbf,"{'model__C': 0.1, 'model__class_weight': 'balanced', 'model__gamma': 0.01, 'model__kernel': 'rbf'}",0.8672439906195036,0.8818888020324409,0.8575581395348838,0.8966435411373851,0.9120208636584182,0.8830710673965264,0.019621958851356355,122
160,5.909488677978516,0.07933826633050181,0.46134119033813475,0.019041326286673908,1,balanced,10,rbf,"{'model__C': 1, 'model__class_weight': 'balanced', 'model__gamma': 10, 'model__kernel': 'rbf'}",0.8830613640805159,0.8851622044166504,0.8570940003908539,0.8963504006253664,0.8884158175642892,0.8820167574155352,0.013255415165786086,123
181,5.730490684509277,0.09406347185045195,0.43897428512573244,0.01918524686469282,10,,10,rbf,"{'model__C': 10, 'model__class_weight': None, 'model__gamma': 10, 'model__kernel': 'rbf'}",0.8852354895446551,0.8842461403165918,0.8529045339065859,0.8927472151651358,0.8898835516739447,0.8810033861213826,0.014385732590275804,124
223,5.668435335159302,0.04605230432254622,0.4447298526763916,0.014556348256454849,100,,10,rbf,"{'model__C': 100, 'model__class_weight': None, 'model__gamma': 10, 'model__kernel': 'rbf'}",0.8852354895446551,0.8842461403165918,0.8529045339065859,0.8927472151651358,0.8898835516739447,0.8810033861213826,0.014385732590275804,124
265,5.71188325881958,0.13154819223728334,0.45424275398254393,0.009649914331695068,1000,,10,rbf,"{'model__C': 1000, 'model__class_weight': None, 'model__gamma': 10, 'model__kernel': 'rbf'}",0.8852354895446551,0.8842461403165918,0.8529045339065859,0.8927472151651358,0.8898835516739447,0.8810033861213826,0.014385732590275804,124
202,5.73856406211853,0.11278689091627624,0.44889230728149415,0.026091850244476116,10,balanced,10,rbf,"{'model__C': 10, 'model__class_weight': 'balanced', 'model__gamma': 10, 'model__kernel': 'rbf'}",0.8843316396325972,0.8841972835645886,0.8529045339065859,0.8925884307211257,0.8898835516739447,0.8807810878997684,0.014308370027532118,127
286,5.642496347427368,0.07994184402414165,0.43762598037719724,0.02084620592576619,1000,balanced,10,rbf,"{'model__C': 1000, 'model__class_weight': 'balanced', 'model__gamma': 10, 'model__kernel': 'rbf'}",0.8843316396325972,0.8841972835645886,0.8529045339065859,0.8925884307211257,0.8898835516739447,0.8807810878997684,0.014308370027532118,127
244,5.733787202835083,0.030205313400203375,0.44074091911315916,0.013791048094427147,100,balanced,10,rbf,"{'model__C': 100, 'model__class_weight': 'balanced', 'model__gamma': 10, 'model__kernel': 'rbf'}",0.8843316396325972,0.8841972835645886,0.8529045339065859,0.8925884307211257,0.8898835516739447,0.8807810878997684,0.014308370027532118,127
70,5.467802047729492,0.08400436854560757,0.47452740669250487,0.00705405329964813,0.01,balanced,0.1,rbf,"{'model__C': 0.01, 'model__class_weight': 'balanced', 'model__gamma': 0.1, 'model__kernel': 'rbf'}",0.8658637873754153,0.8733510846198945,0.8604529020910691,0.8955809067813171,0.905870936438622,0.8802239234612635,0.017538237765051527,130
28,5.40005202293396,0.05660385381248204,0.4873765468597412,0.025969920075312285,0.001,balanced,0.1,rbf,"{'model__C': 0.001, 'model__class_weight': 'balanced', 'model__gamma': 0.1, 'model__kernel': 'rbf'}",0.8658637873754153,0.8733510846198945,0.8604529020910691,0.8955809067813171,0.905870936438622,0.8802239234612635,0.017538237765051527,130
220,2.085521364212036,0.06858297516372734,0.1598501205444336,0.006050044964899863,100,,1,rbf,"{'model__C': 100, 'model__class_weight': None, 'model__gamma': 1, 'model__kernel': 'rbf'}",0.8969244674614032,0.8787131131522375,0.8567764315028337,0.8769420558921242,0.8757035419699176,0.8770119219957033,0.012732598582582876,132
241,2.1236864566802978,0.049938702189376946,0.15886716842651366,0.01419428268315787,100,balanced,1,rbf,"{'model__C': 100, 'model__class_weight': 'balanced', 'model__gamma': 1, 'model__kernel': 'rbf'}",0.8978038889974596,0.87421829196795,0.8577047097908932,0.8752564979480165,0.8749514798641436,0.8759869737136926,0.012766777542640695,133
262,2.0997833728790285,0.0830845891537406,0.15882010459899903,0.011172494778038793,1000,,1,rbf,"{'model__C': 1000, 'model__class_weight': None, 'model__gamma': 1, 'model__kernel': 'rbf'}",0.8940785616572209,0.8762092046120773,0.8565810044948212,0.8774306234121555,0.8745026686074722,0.8757604125567493,0.011899388375252277,134
283,2.0706274032592775,0.021309535130457552,0.15415573120117188,0.0062235148776159585,1000,balanced,1,rbf,"{'model__C': 1000, 'model__class_weight': 'balanced', 'model__gamma': 1, 'model__kernel': 'rbf'}",0.8972298221614227,0.8714456712917725,0.8565810044948212,0.8755374242720344,0.8745026686074722,0.8750593181655045,0.013012119054579661,135
25,5.387336111068725,0.08974851823115941,0.47947235107421876,0.02479133322007454,0.001,balanced,0.01,rbf,"{'model__C': 0.001, 'model__class_weight': 'balanced', 'model__gamma': 0.01, 'model__kernel': 'rbf'}",0.855139730310729,0.8681844830955637,0.8497777017783859,0.8916967949970686,0.9002062105773896,0.8730009841518275,0.019855485909062446,136
67,5.432446146011353,0.09224474635335785,0.486906909942627,0.020494104510636643,0.01,balanced,0.01,rbf,"{'model__C': 0.01, 'model__class_weight': 'balanced', 'model__gamma': 0.01, 'model__kernel': 'rbf'}",0.855139730310729,0.8681844830955637,0.8497777017783859,0.8916967949970686,0.9002062105773896,0.8730009841518275,0.019855485909062446,136
22,5.362114524841308,0.0805559819296678,0.4597490310668945,0.02109798000949668,0.001,balanced,0.001,rbf,"{'model__C': 0.001, 'model__class_weight': 'balanced', 'model__gamma': 0.001, 'model__kernel': 'rbf'}",0.8541748094586672,0.8674394176275161,0.8490082079343365,0.8909761579050224,0.8996482290150413,0.8722493643881167,0.019956788595943725,138
106,5.3752518653869625,0.0861589802667834,0.46404294967651366,0.02026428711609154,0.1,balanced,0.001,rbf,"{'model__C': 0.1, 'model__class_weight': 'balanced', 'model__gamma': 0.001, 'model__kernel': 'rbf'}",0.8541748094586672,0.8674394176275161,0.8490082079343365,0.8909761579050224,0.8996482290150413,0.8722493643881167,0.019956788595943725,138
64,5.319579029083252,0.03372240655372029,0.45980162620544435,0.004360178413826565,0.01,balanced,0.001,rbf,"{'model__C': 0.01, 'model__class_weight': 'balanced', 'model__gamma': 0.001, 'model__kernel': 'rbf'}",0.8541748094586672,0.8674394176275161,0.8490082079343365,0.8909761579050224,0.8996482290150413,0.8722493643881167,0.019956788595943725,138
23,4.123787260055542,0.05578021730982762,0.15532326698303223,0.008952917485098685,0.001,balanced,0.001,sigmoid,"{'model__C': 0.001, 'model__class_weight': 'balanced', 'model__gamma': 0.001, 'model__kernel': 'sigmoid'}",0.8540038108266562,0.8673539183115105,0.8488982802423297,0.8909150869650185,0.8995633187772926,0.8721468830245614,0.019982730240781253,141
27,3.6873922824859617,0.07866678550476301,0.13244252204895018,0.002906195949963951,0.001,balanced,0.1,linear,"{'model__C': 0.001, 'model__class_weight': 'balanced', 'model__gamma': 0.1, 'model__kernel': 'linear'}",0.8540038108266562,0.8673539183115105,0.8488982802423297,0.8909150869650185,0.8995633187772926,0.8721468830245614,0.019982730240781253,141
30,3.6329015254974366,0.04612038887540873,0.1369490623474121,0.004983906528293446,0.001,balanced,1,linear,"{'model__C': 0.001, 'model__class_weight': 'balanced', 'model__gamma': 1, 'model__kernel': 'linear'}",0.8540038108266562,0.8673539183115105,0.8488982802423297,0.8909150869650185,0.8995633187772926,0.8721468830245614,0.019982730240781253,141
107,4.175716924667358,0.01959573098257481,0.15710663795471191,0.001994289529331304,0.1,balanced,0.001,sigmoid,"{'model__C': 0.1, 'model__class_weight': 'balanced', 'model__gamma': 0.001, 'model__kernel': 'sigmoid'}",0.8540038108266562,0.8673539183115105,0.8488982802423297,0.8909150869650185,0.8995633187772926,0.8721468830245614,0.019982730240781253,141
149,4.170676565170288,0.022774626761537367,0.16019120216369628,0.003997807348613588,1,balanced,0.001,sigmoid,"{'model__C': 1, 'model__class_weight': 'balanced', 'model__gamma': 0.001, 'model__kernel': 'sigmoid'}",0.8540038108266562,0.8673539183115105,0.8488982802423297,0.8909150869650185,0.8995633187772926,0.8721468830245614,0.019982730240781253,141
33,3.627187204360962,0.05815866614342191,0.1342195987701416,0.008123323840079561,0.001,balanced,10,linear,"{'model__C': 0.001, 'model__class_weight': 'balanced', 'model__gamma': 10, 'model__kernel': 'linear'}",0.8540038108266562,0.8673539183115105,0.8488982802423297,0.8909150869650185,0.8995633187772926,0.8721468830245614,0.019982730240781253,141
24,3.6173649787902833,0.049319300947193515,0.1321409225463867,0.0042000555189826054,0.001,balanced,0.01,linear,"{'model__C': 0.001, 'model__class_weight': 'balanced', 'model__gamma': 0.01, 'model__kernel': 'linear'}",0.8540038108266562,0.8673539183115105,0.8488982802423297,0.8909150869650185,0.8995633187772926,0.8721468830245614,0.019982730240781253,141
36,3.6613986492156982,0.07265851396321513,0.13060898780822755,0.004143722738844618,0.001,balanced,100,linear,"{'model__C': 0.001, 'model__class_weight': 'balanced', 'model__gamma': 100, 'model__kernel': 'linear'}",0.8540038108266562,0.8673539183115105,0.8488982802423297,0.8909150869650185,0.8995633187772926,0.8721468830245614,0.019982730240781253,141
21,3.5751562118530273,0.03361118851302111,0.13917164802551268,0.005693945730866506,0.001,balanced,0.001,linear,"{'model__C': 0.001, 'model__class_weight': 'balanced', 'model__gamma': 0.001, 'model__kernel': 'linear'}",0.8540038108266562,0.8673539183115105,0.8488982802423297,0.8909150869650185,0.8995633187772926,0.8721468830245614,0.019982730240781253,141
39,3.646868658065796,0.02249953321869691,0.13222112655639648,0.0026098169804990514,0.001,balanced,1000,linear,"{'model__C': 0.001, 'model__class_weight': 'balanced', 'model__gamma': 1000, 'model__kernel': 'linear'}",0.8540038108266562,0.8673539183115105,0.8488982802423297,0.8909150869650185,0.8995633187772926,0.8721468830245614,0.019982730240781253,141
65,4.1855638980865475,0.06597879604999039,0.15624651908874512,0.005098823482077175,0.01,balanced,0.001,sigmoid,"{'model__C': 0.01, 'model__class_weight': 'balanced', 'model__gamma': 0.001, 'model__kernel': 'sigmoid'}",0.8540038108266562,0.8673539183115105,0.8488982802423297,0.8909150869650185,0.8995633187772926,0.8721468830245614,0.019982730240781253,141
68,4.2399615287780765,0.13053629295451605,0.16159429550170898,0.009490772391747709,0.01,balanced,0.01,sigmoid,"{'model__C': 0.01, 'model__class_weight': 'balanced', 'model__gamma': 0.01, 'model__kernel': 'sigmoid'}",0.8538694547586475,0.8672317764315027,0.8487761383623216,0.8908418018370138,0.8994905385735079,0.8720419419925987,0.020007672468265972,152
110,4.187097454071045,0.059004223027984755,0.160117244720459,0.006751479609256438,0.1,balanced,0.01,sigmoid,"{'model__C': 0.1, 'model__class_weight': 'balanced', 'model__gamma': 0.01, 'model__kernel': 'sigmoid'}",0.8538694547586475,0.8672317764315027,0.8487761383623216,0.8908418018370138,0.8994905385735079,0.8720419419925987,0.020007672468265972,152
26,4.189212894439697,0.051277587807584436,0.1572974681854248,0.005204684786981618,0.001,balanced,0.01,sigmoid,"{'model__C': 0.001, 'model__class_weight': 'balanced', 'model__gamma': 0.01, 'model__kernel': 'sigmoid'}",0.8538694547586475,0.8672317764315027,0.8487761383623216,0.8908418018370138,0.8994905385735079,0.8720419419925987,0.020007672468265972,152
89,1.2812633514404297,0.02759571123121191,0.054909038543701175,0.003883501596150713,0.1,,0.01,sigmoid,"{'model__C': 0.1, 'model__class_weight': None, 'model__gamma': 0.01, 'model__kernel': 'sigmoid'}",0.9062927496580028,0.8867134062927495,0.7850302911862419,0.8867378346687512,0.8856865599223678,0.8700921683456226,0.043226227779246784,155
155,2.432242584228516,0.029192527374765274,0.07247929573059082,0.0025350165618614907,1,balanced,0.1,sigmoid,"{'model__C': 1, 'model__class_weight': 'balanced', 'model__gamma': 0.1, 'model__kernel': 'sigmoid'}",0.8735342974399063,0.8634087355872582,0.8471150087942153,0.8776626929841703,0.8874939349830181,0.8698429339577137,0.013742562524454948,156
128,1.2550528049468994,0.032998269375707566,0.052706670761108396,0.0017768699577504544,1,,0.001,sigmoid,"{'model__C': 1, 'model__class_weight': None, 'model__gamma': 0.001, 'model__kernel': 'sigmoid'}",0.9017246433457102,0.8658760015634162,0.7674785030291186,0.8960572601133476,0.9004002911208151,0.8663073398344816,0.05112552690979888,157
29,4.517014741897583,0.10998865534332872,0.17756433486938478,0.005224884410382504,0.001,balanced,0.1,sigmoid,"{'model__C': 0.001, 'model__class_weight': 'balanced', 'model__gamma': 0.1, 'model__kernel': 'sigmoid'}",0.8422537619699042,0.8585963455149502,0.8400429939417626,0.8829025796365058,0.8938379427462397,0.8635267247618724,0.021552386812216436,158
71,4.4666163444519045,0.08791612948291605,0.17327618598937988,0.0040813576981057875,0.01,balanced,0.1,sigmoid,"{'model__C': 0.01, 'model__class_weight': 'balanced', 'model__gamma': 0.1, 'model__kernel': 'sigmoid'}",0.8422537619699042,0.8585963455149502,0.8400429939417626,0.8829025796365058,0.8938379427462397,0.8635267247618724,0.021552386812216436,158
170,1.3587044715881347,0.024649071000377325,0.05704689025878906,0.0008026973812762018,10,,0.001,sigmoid,"{'model__C': 10, 'model__class_weight': None, 'model__gamma': 0.001, 'model__kernel': 'sigmoid'}",0.8789818252882549,0.8797391049443033,0.7849936486222395,0.8413254836818448,0.9122149442018439,0.8594510013476973,0.04347303914473357,160
0,0.9619563102722168,0.03012013149030465,0.04023885726928711,0.0025992223875184804,0.001,,0.001,linear,"{'model__C': 0.001, 'model__class_weight': None, 'model__gamma': 0.001, 'model__kernel': 'linear'}",0.9018834277897205,0.8156268321282001,0.7697381278092632,0.8960572601133477,0.9004730713245996,0.8567557438330262,0.05432490154747745,161
6,0.9968364238739014,0.020299038257914456,0.04774737358093262,0.006770487355768993,0.001,,0.1,linear,"{'model__C': 0.001, 'model__class_weight': None, 'model__gamma': 0.1, 'model__kernel': 'linear'}",0.9018834277897205,0.8156268321282001,0.7697381278092632,0.8960572601133477,0.9004730713245996,0.8567557438330262,0.05432490154747745,161
15,1.0422496318817138,0.016195127086219514,0.042460393905639646,0.000849336577116817,0.001,,100,linear,"{'model__C': 0.001, 'model__class_weight': None, 'model__gamma': 100, 'model__kernel': 'linear'}",0.9018834277897205,0.8156268321282001,0.7697381278092632,0.8960572601133477,0.9004730713245996,0.8567557438330262,0.05432490154747745,161
12,1.0158373355865478,0.010870216027445485,0.04328627586364746,0.0033245311183412087,0.001,,10,linear,"{'model__C': 0.001, 'model__class_weight': None, 'model__gamma': 10, 'model__kernel': 'linear'}",0.9018834277897205,0.8156268321282001,0.7697381278092632,0.8960572601133477,0.9004730713245996,0.8567557438330262,0.05432490154747745,161
9,1.0486185073852539,0.013187829297619262,0.044476652145385744,0.0042001738453432995,0.001,,1,linear,"{'model__C': 0.001, 'model__class_weight': None, 'model__gamma': 1, 'model__kernel': 'linear'}",0.9018834277897205,0.8156268321282001,0.7697381278092632,0.8960572601133477,0.9004730713245996,0.8567557438330262,0.05432490154747745,161
3,1.0239786148071288,0.01519353733817054,0.04227213859558106,0.0009590749576690968,0.001,,0.01,linear,"{'model__C': 0.001, 'model__class_weight': None, 'model__gamma': 0.01, 'model__kernel': 'linear'}",0.9018834277897205,0.8156268321282001,0.7697381278092632,0.8960572601133477,0.9004730713245996,0.8567557438330262,0.05432490154747745,161
18,1.0311739921569825,0.013471804199203373,0.047057390213012695,0.0038825072652081743,0.001,,1000,linear,"{'model__C': 0.001, 'model__class_weight': None, 'model__gamma': 1000, 'model__kernel': 'linear'}",0.9018834277897205,0.8156268321282001,0.7697381278092632,0.8960572601133477,0.9004730713245996,0.8567557438330262,0.05432490154747745,161
46,1.6129141807556153,0.04844249596669573,0.14448018074035646,0.005901850810599189,0.01,,0.01,rbf,"{'model__C': 0.01, 'model__class_weight': None, 'model__gamma': 0.01, 'model__kernel': 'rbf'}",0.8649110807113543,0.852061754934532,0.7942275747508305,0.8314442055892124,0.9263828238719068,0.8538054879715672,0.0434589442460772,168
57,1.1389289855957032,0.01731722612391151,0.0511927604675293,0.005350007810087224,0.01,,100,linear,"{'model__C': 0.01, 'model__class_weight': None, 'model__gamma': 100, 'model__kernel': 'linear'}",0.8835377174125464,0.8696379714676569,0.7410225718194254,0.8458203048661326,0.9005701115963124,0.8481177354324148,0.05646875189735335,169
54,1.1953190326690675,0.057061364870232646,0.04915437698364258,0.002946943774742881,0.01,,10,linear,"{'model__C': 0.01, 'model__class_weight': None, 'model__gamma': 10, 'model__kernel': 'linear'}",0.8835377174125464,0.8696379714676569,0.7410225718194254,0.8458203048661326,0.9005701115963124,0.8481177354324148,0.05646875189735335,169
42,1.2095041751861573,0.012592515265107376,0.04847097396850586,0.001852823689098355,0.01,,0.001,linear,"{'model__C': 0.01, 'model__class_weight': None, 'model__gamma': 0.001, 'model__kernel': 'linear'}",0.8835377174125464,0.8696379714676569,0.7410225718194254,0.8458203048661326,0.9005701115963124,0.8481177354324148,0.05646875189735335,169
51,1.1778607845306397,0.020663271525701788,0.04918370246887207,0.0023404627463386608,0.01,,1,linear,"{'model__C': 0.01, 'model__class_weight': None, 'model__gamma': 1, 'model__kernel': 'linear'}",0.8835377174125464,0.8696379714676569,0.7410225718194254,0.8458203048661326,0.9005701115963124,0.8481177354324148,0.05646875189735335,169
45,1.1832674503326417,0.017892161194673017,0.04793543815612793,0.0020079589314697353,0.01,,0.01,linear,"{'model__C': 0.01, 'model__class_weight': None, 'model__gamma': 0.01, 'model__kernel': 'linear'}",0.8835377174125464,0.8696379714676569,0.7410225718194254,0.8458203048661326,0.9005701115963124,0.8481177354324148,0.05646875189735335,169
60,1.1365876197814941,0.009431199926262452,0.05064215660095215,0.0019363513593288314,0.01,,1000,linear,"{'model__C': 0.01, 'model__class_weight': None, 'model__gamma': 1000, 'model__kernel': 'linear'}",0.8835377174125464,0.8696379714676569,0.7410225718194254,0.8458203048661326,0.9005701115963124,0.8481177354324148,0.05646875189735335,169
48,1.1766123294830322,0.0200545837685441,0.05189394950866699,0.005903595534907036,0.01,,0.1,linear,"{'model__C': 0.01, 'model__class_weight': None, 'model__gamma': 0.1, 'model__kernel': 'linear'}",0.8835377174125464,0.8696379714676569,0.7410225718194254,0.8458203048661326,0.9005701115963124,0.8481177354324148,0.05646875189735335,169
226,6.672921133041382,0.07809656917779322,0.49297103881835935,0.018257491691707924,100,,100,rbf,"{'model__C': 100, 'model__class_weight': None, 'model__gamma': 100, 'model__kernel': 'rbf'}",0.8405071330857925,0.8327755520812977,0.8095258452218096,0.8493929548563612,0.8651322173702086,0.839466740523094,0.01843669202254221,176
268,6.801350831985474,0.055401420451587746,0.4994936466217041,0.01590579530565169,1000,,100,rbf,"{'model__C': 1000, 'model__class_weight': None, 'model__gamma': 100, 'model__kernel': 'rbf'}",0.8405071330857925,0.8327755520812977,0.8095258452218096,0.8493929548563612,0.8651322173702086,0.839466740523094,0.01843669202254221,176
184,6.702596521377563,0.09817944241832026,0.49608845710754396,0.014168083146581517,10,,100,rbf,"{'model__C': 10, 'model__class_weight': None, 'model__gamma': 100, 'model__kernel': 'rbf'}",0.8405071330857925,0.8327755520812977,0.8095258452218096,0.8493929548563612,0.8651322173702086,0.839466740523094,0.01843669202254221,176
205,6.820223712921143,0.049336875137833434,0.49383225440979006,0.02097407718849324,10,balanced,100,rbf,"{'model__C': 10, 'model__class_weight': 'balanced', 'model__gamma': 100, 'model__kernel': 'rbf'}",0.8391880007817081,0.8327633378932969,0.8095258452218096,0.8494173832323628,0.8651322173702086,0.8392053568998772,0.01843291023809287,179
289,6.771887588500976,0.04334571523509054,0.5022559642791748,0.015740825662052076,1000,balanced,100,rbf,"{'model__C': 1000, 'model__class_weight': 'balanced', 'model__gamma': 100, 'model__kernel': 'rbf'}",0.8391880007817081,0.8327633378932969,0.8095258452218096,0.8494173832323628,0.8651322173702086,0.8392053568998772,0.01843291023809287,179
247,6.908425331115723,0.06218934440123222,0.490581750869751,0.01441255980186378,100,balanced,100,rbf,"{'model__C': 100, 'model__class_weight': 'balanced', 'model__gamma': 100, 'model__kernel': 'rbf'}",0.8391880007817081,0.8327633378932969,0.8095258452218096,0.8494173832323628,0.8651322173702086,0.8392053568998772,0.01843291023809287,179
163,6.621083307266235,0.026978956122509556,0.5034243583679199,0.01806973833156241,1,balanced,100,rbf,"{'model__C': 1, 'model__class_weight': 'balanced', 'model__gamma': 100, 'model__kernel': 'rbf'}",0.8391880007817081,0.8327511237052961,0.8095258452218096,0.8493929548563612,0.8651322173702087,0.8391980283870769,0.018431059753844434,182
142,6.187040233612061,0.07455442061918093,0.5843138694763184,0.08285488739568539,1,,100,rbf,"{'model__C': 1, 'model__class_weight': None, 'model__gamma': 100, 'model__kernel': 'rbf'}",0.8398292456517491,0.8327633378932968,0.8096785225718195,0.8488860660543287,0.8647016011644832,0.8391717546671356,0.01820709612912358,183
121,6.194566059112549,0.0370059761860253,0.48244590759277345,0.013526825772423314,0.1,balanced,100,rbf,"{'model__C': 0.1, 'model__class_weight': 'balanced', 'model__gamma': 100, 'model__kernel': 'rbf'}",0.8372520519835842,0.8318900234512411,0.8083777115497361,0.8467485831541918,0.8646166909267345,0.8377770122130975,0.018439677535260005,184
100,6.106523609161377,0.04516698034950096,0.4771528720855713,0.011282910100802648,0.1,,100,rbf,"{'model__C': 0.1, 'model__class_weight': None, 'model__gamma': 100, 'model__kernel': 'rbf'}",0.8376123705296071,0.8294655071330858,0.8074066836036741,0.8444950654680476,0.864525715672004,0.8367010684812838,0.018688510829502077,185
79,6.210367155075073,0.04910231469629619,0.4811880588531494,0.012850602385186293,0.01,balanced,100,rbf,"{'model__C': 0.01, 'model__class_weight': 'balanced', 'model__gamma': 100, 'model__kernel': 'rbf'}",0.8344733242134064,0.8289769396130546,0.8066005471956225,0.8426262947039281,0.8633976225133431,0.835214945647871,0.01847938251436362,186
58,5.849745368957519,0.07448161152965015,0.4709186553955078,0.0038856741424246805,0.01,,100,rbf,"{'model__C': 0.01, 'model__class_weight': None, 'model__gamma': 100, 'model__kernel': 'rbf'}",0.8341313269493844,0.8268822063709206,0.8049760601915185,0.8429805061559508,0.8608806404657933,0.8339701480267134,0.018418920608368583,187
37,6.170971441268921,0.05866681775703358,0.5004141330718994,0.02641614015785589,0.001,balanced,100,rbf,"{'model__C': 0.001, 'model__class_weight': 'balanced', 'model__gamma': 100, 'model__kernel': 'rbf'}",0.8308518174711745,0.8246225815907758,0.803687463357436,0.8355848153214774,0.8614628820960699,0.8312419119673867,0.01862999297697585,188
134,1.2639440536499023,0.017675762195309943,0.04309835433959961,0.0007418541509882036,1,,0.1,sigmoid,"{'model__C': 1, 'model__class_weight': None, 'model__gamma': 0.1, 'model__kernel': 'sigmoid'}",0.8171658198162987,0.8450508110220832,0.7729260308774673,0.8609536837991011,0.8555434255215916,0.8303279542073083,0.032430665744357975,189
131,1.8707630634307861,0.1278624413387751,0.05655832290649414,0.0018067750010403343,1,,0.01,sigmoid,"{'model__C': 1, 'model__class_weight': None, 'model__gamma': 0.01, 'model__kernel': 'sigmoid'}",0.827389095172953,0.8024110807113543,0.796218487394958,0.8519273988665235,0.8636584182435711,0.8283208960778721,0.02649059786120413,190
13,1.5310792446136474,0.028652089010072927,0.1402608871459961,0.0030619244744423176,0.001,,10,rbf,"{'model__C': 0.001, 'model__class_weight': None, 'model__gamma': 10, 'model__kernel': 'rbf'}",0.8118526480359587,0.8295143638850889,0.7901724643345711,0.8486784248583155,0.8336972343522563,0.8227830270932381,0.020089422242973907,191
4,1.427318286895752,0.05956170093837884,0.13004379272460936,0.006246572267733771,0.001,,0.01,rbf,"{'model__C': 0.001, 'model__class_weight': None, 'model__gamma': 0.01, 'model__kernel': 'rbf'}",0.8499120578463945,0.7703610513973032,0.7184507523939808,0.8943839163572406,0.8795608927704996,0.8225337341530837,0.06740826956509598,192
92,1.6969518184661865,0.04584414372224497,0.05648746490478516,0.0026542261038505002,0.1,,0.1,sigmoid,"{'model__C': 0.1, 'model__class_weight': None, 'model__gamma': 0.1, 'model__kernel': 'sigmoid'}",0.8084204612077389,0.8240424076607388,0.7466410982997851,0.8381131522376393,0.8257520621057738,0.8085938363023351,0.03238093540329499,193
85,1.6243180274963378,0.008026734430981055,0.14834437370300294,0.004627851797826459,0.1,,0.001,rbf,"{'model__C': 0.1, 'model__class_weight': None, 'model__gamma': 0.001, 'model__kernel': 'rbf'}",0.8231141293726792,0.8120236466679694,0.7370407465311708,0.8344977525894078,0.8140101892285297,0.8041372928779514,0.034477508690028275,194
50,1.6399288654327393,0.0246247470921974,0.05559616088867188,0.0029668580231854594,0.01,,0.1,sigmoid,"{'model__C': 0.01, 'model__class_weight': None, 'model__gamma': 0.1, 'model__kernel': 'sigmoid'}",0.8082128200117256,0.794594000390854,0.7406072894273988,0.8404338479577877,0.8247331392527899,0.8017162194081113,0.03422299375030583,195
281,1.4277069568634033,0.052698066553482144,0.04855170249938965,0.007025663654737875,1000,balanced,0.1,sigmoid,"{'model__C': 1000, 'model__class_weight': 'balanced', 'model__gamma': 0.1, 'model__kernel': 'sigmoid'}",0.8451851670900918,0.8138069181160836,0.7800224741059214,0.759233926128591,0.8023774866569626,0.8001251944195301,0.02932193277105772,196
8,1.2726199150085449,0.034266879040303684,0.056474828720092775,0.002741125520514151,0.001,,0.1,sigmoid,"{'model__C': 0.001, 'model__class_weight': None, 'model__gamma': 0.1, 'model__kernel': 'sigmoid'}",0.8072601133476647,0.7920412350986906,0.7474105921438343,0.8070769005276529,0.8359412906356136,0.7979460263506912,0.028991246465473196,197
86,1.228672456741333,0.03450157575255262,0.054074573516845706,0.004791787625368669,0.1,,0.001,sigmoid,"{'model__C': 0.1, 'model__class_weight': None, 'model__gamma': 0.001, 'model__kernel': 'sigmoid'}",0.8367451631815517,0.7784834864178228,0.7147009966777408,0.8341313269493844,0.8176977195536147,0.7963517385560228,0.04582727362749782,198
47,1.2017370223999024,0.01572242368676544,0.05065388679504394,0.002071982086963112,0.01,,0.01,sigmoid,"{'model__C': 0.01, 'model__class_weight': None, 'model__gamma': 0.01, 'model__kernel': 'sigmoid'}",0.7951314246628884,0.7877418409224154,0.753859683408247,0.7903801055305844,0.822586123241145,0.789939835553056,0.021906780202215027,199
176,1.0041476249694825,0.012432534276436678,0.03392758369445801,0.003305247957619697,10,,0.1,sigmoid,"{'model__C': 10, 'model__class_weight': None, 'model__gamma': 0.1, 'model__kernel': 'sigmoid'}",0.7739275942935313,0.8132450654680476,0.7350131913230408,0.802704221223373,0.8246482290150411,0.7899076602646068,0.032199561487452406,200
43,1.5540799617767334,0.03548577376463782,0.14626092910766603,0.014898679556690442,0.01,,0.001,rbf,"{'model__C': 0.01, 'model__class_weight': None, 'model__gamma': 0.001, 'model__kernel': 'rbf'}",0.7629470392808285,0.7575239398084815,0.8132939222200508,0.8091044557357827,0.8066108685104318,0.7898960451111151,0.02437216088149208,201
197,1.6450201988220214,0.05885200034683665,0.05582160949707031,0.0028962069290293384,10,balanced,0.1,sigmoid,"{'model__C': 10, 'model__class_weight': 'balanced', 'model__gamma': 0.1, 'model__kernel': 'sigmoid'}",0.811657221027946,0.8187170216923979,0.7758696501856557,0.7598690639046317,0.7715914604560892,0.7875408834533442,0.02328038105608846,202
260,0.811952781677246,0.030253312321525675,0.030122947692871094,0.0029192243918730724,1000,,0.1,sigmoid,"{'model__C': 1000, 'model__class_weight': None, 'model__gamma': 0.1, 'model__kernel': 'sigmoid'}",0.8030340042993941,0.8146741254641391,0.7324482118428767,0.7739764510455345,0.8131853469189715,0.7874636279141832,0.031154629099508665,203
239,1.4330315113067627,0.10536391946992846,0.05564274787902832,0.009079099963645093,100,balanced,0.1,sigmoid,"{'model__C': 100, 'model__class_weight': 'balanced', 'model__gamma': 0.1, 'model__kernel': 'sigmoid'}",0.7464456712917725,0.8135992769200704,0.7996140316591753,0.805843267539574,0.7656234837457544,0.7862251462312693,0.025769404693417503,204
5,1.0761734008789063,0.019642167556414982,0.04914875030517578,0.003727066232873896,0.001,,0.01,sigmoid,"{'model__C': 0.001, 'model__class_weight': None, 'model__gamma': 0.01, 'model__kernel': 'sigmoid'}",0.8099594488958374,0.7628981825288254,0.6893565565761188,0.8604162595270667,0.8074721009218826,0.7860205096899462,0.0573524768697063,205
44,1.1764501094818116,0.016769005973417357,0.05244169235229492,0.00316982996994465,0.01,,0.001,sigmoid,"{'model__C': 0.01, 'model__class_weight': None, 'model__gamma': 0.001, 'model__kernel': 'sigmoid'}",0.8168848934922807,0.7719611100254056,0.7310680085987884,0.7977696892710573,0.8075448811256671,0.7850457165026399,0.03087602617028549,206
2,1.1013070583343505,0.01407747175482036,0.04599294662475586,0.002853984665554695,0.001,,0.001,sigmoid,"{'model__C': 0.001, 'model__class_weight': None, 'model__gamma': 0.001, 'model__kernel': 'sigmoid'}",0.8168848934922807,0.7719611100254056,0.7310680085987884,0.7977696892710573,0.8075448811256671,0.7850457165026399,0.03087602617028549,206
1,1.3649898529052735,0.029946772031565132,0.14083638191223144,0.013379584124344417,0.001,,0.001,rbf,"{'model__C': 0.001, 'model__class_weight': None, 'model__gamma': 0.001, 'model__kernel': 'rbf'}",0.7629470392808285,0.7575239398084815,0.7363689661911277,0.8091044557357827,0.8066108685104318,0.7745110539053304,0.028650336412189,208
16,2.281895971298218,0.034289431488534014,0.18034963607788085,0.008735900312780168,0.001,,100,rbf,"{'model__C': 0.001, 'model__class_weight': None, 'model__gamma': 100, 'model__kernel': 'rbf'}",0.736265145593121,0.7890426519444987,0.7337062732069571,0.7642295290209107,0.7876880155264434,0.7621863230583863,0.023911478797035382,209
218,0.8264816761016845,0.034425878649510626,0.03335862159729004,0.003620561790475146,100,,0.1,sigmoid,"{'model__C': 100, 'model__class_weight': None, 'model__gamma': 0.1, 'model__kernel': 'sigmoid'}",0.7334009185069377,0.7113787375415281,0.7822210279460621,0.7553009575923393,0.7981562348374576,0.7560915752848649,0.03151797176234746,210
270,5.074851226806641,0.06646351255963066,0.0792783260345459,0.0035302656593892883,1000,,1000,linear,"{'model__C': 1000, 'model__class_weight': None, 'model__gamma': 1000, 'model__kernel': 'linear'}",0.7406195036153996,0.7298099472347079,0.5669093218682821,0.6109414696111003,0.7340126152353226,0.6764585715129625,0.07289580397770948,211
267,5.097229242324829,0.01972638749898621,0.08207879066467286,0.004361759285305487,1000,,100,linear,"{'model__C': 1000, 'model__class_weight': None, 'model__gamma': 100, 'model__kernel': 'linear'}",0.7406195036153996,0.7298099472347079,0.5669093218682821,0.6109414696111003,0.7340126152353226,0.6764585715129625,0.07289580397770948,211
252,4.89618411064148,0.06316795859229221,0.07037081718444824,0.008538273516555417,1000,,0.001,linear,"{'model__C': 1000, 'model__class_weight': None, 'model__gamma': 0.001, 'model__kernel': 'linear'}",0.7406195036153996,0.7298099472347079,0.5669093218682821,0.6109414696111003,0.7340126152353226,0.6764585715129625,0.07289580397770948,211
261,4.969945812225342,0.09547097915675384,0.07491064071655273,0.002865729636767771,1000,,1,linear,"{'model__C': 1000, 'model__class_weight': None, 'model__gamma': 1, 'model__kernel': 'linear'}",0.7406195036153996,0.7298099472347079,0.5669093218682821,0.6109414696111003,0.7340126152353226,0.6764585715129625,0.07289580397770948,211
255,4.996091556549072,0.04446636240843329,0.08216395378112792,0.015453977730676617,1000,,0.01,linear,"{'model__C': 1000, 'model__class_weight': None, 'model__gamma': 0.01, 'model__kernel': 'linear'}",0.7406195036153996,0.7298099472347079,0.5669093218682821,0.6109414696111003,0.7340126152353226,0.6764585715129625,0.07289580397770948,211
258,5.0371311664581295,0.0531527968010049,0.072719144821167,0.008639163287581113,1000,,0.1,linear,"{'model__C': 1000, 'model__class_weight': None, 'model__gamma': 0.1, 'model__kernel': 'linear'}",0.7406195036153996,0.7298099472347079,0.5669093218682821,0.6109414696111003,0.7340126152353226,0.6764585715129625,0.07289580397770948,211
264,5.059850358963013,0.04448060339088794,0.08013253211975098,0.004316615006975326,1000,,10,linear,"{'model__C': 1000, 'model__class_weight': None, 'model__gamma': 10, 'model__kernel': 'linear'}",0.7406195036153996,0.7298099472347079,0.5669093218682821,0.6109414696111003,0.7340126152353226,0.6764585715129625,0.07289580397770948,211
282,5.19348840713501,0.08090153421251649,0.07644157409667969,0.0028118086603495782,1000,balanced,1,linear,"{'model__C': 1000, 'model__class_weight': 'balanced', 'model__gamma': 1, 'model__kernel': 'linear'}",0.7075923392612858,0.6307284541723666,0.7922855188587064,0.6190639046316202,0.4897379912663755,0.6478816416380709,0.10055044020420294,218
288,5.196322250366211,0.07643457214710553,0.07807302474975586,0.003677929928937934,1000,balanced,100,linear,"{'model__C': 1000, 'model__class_weight': 'balanced', 'model__gamma': 100, 'model__kernel': 'linear'}",0.7075923392612858,0.6307284541723666,0.7922855188587064,0.6190639046316202,0.4897379912663755,0.6478816416380709,0.10055044020420294,218
273,5.210827398300171,0.04123715199746122,0.08018412590026855,0.0058007823738898704,1000,balanced,0.001,linear,"{'model__C': 1000, 'model__class_weight': 'balanced', 'model__gamma': 0.001, 'model__kernel': 'linear'}",0.7075923392612858,0.6307284541723666,0.7922855188587064,0.6190639046316202,0.4897379912663755,0.6478816416380709,0.10055044020420294,218
279,5.205995559692383,0.044980516014508885,0.0778378963470459,0.004948081090364904,1000,balanced,0.1,linear,"{'model__C': 1000, 'model__class_weight': 'balanced', 'model__gamma': 0.1, 'model__kernel': 'linear'}",0.7075923392612858,0.6307284541723666,0.7922855188587064,0.6190639046316202,0.4897379912663755,0.6478816416380709,0.10055044020420294,218
276,5.349185371398926,0.05091087239457652,0.07485804557800294,0.0026625785637961856,1000,balanced,0.01,linear,"{'model__C': 1000, 'model__class_weight': 'balanced', 'model__gamma': 0.01, 'model__kernel': 'linear'}",0.7075923392612858,0.6307284541723666,0.7922855188587064,0.6190639046316202,0.4897379912663755,0.6478816416380709,0.10055044020420294,218
291,5.335387277603149,0.05095176976060174,0.08147716522216797,0.0031661810034232657,1000,balanced,1000,linear,"{'model__C': 1000, 'model__class_weight': 'balanced', 'model__gamma': 1000, 'model__kernel': 'linear'}",0.7075923392612858,0.6307284541723666,0.7922855188587064,0.6190639046316202,0.4897379912663755,0.6478816416380709,0.10055044020420294,218
285,5.241395664215088,0.08412584968995869,0.07797861099243164,0.0035305178371183212,1000,balanced,10,linear,"{'model__C': 1000, 'model__class_weight': 'balanced', 'model__gamma': 10, 'model__kernel': 'linear'}",0.7075923392612858,0.6307284541723666,0.7922855188587064,0.6190639046316202,0.4897379912663755,0.6478816416380709,0.10055044020420294,218
32,4.764216184616089,0.07944414831801909,0.19010481834411622,0.01056195765703109,0.001,balanced,1,sigmoid,"{'model__C': 0.001, 'model__class_weight': 'balanced', 'model__gamma': 1, 'model__kernel': 'sigmoid'}",0.5857435997654876,0.5409786007426226,0.6067764315028338,0.5893589994137189,0.5658175642891801,0.5777350391427685,0.022519848741007528,225
74,4.773586797714233,0.06478855598863087,0.1813264846801758,0.006042737927108633,0.01,balanced,1,sigmoid,"{'model__C': 0.01, 'model__class_weight': 'balanced', 'model__gamma': 1, 'model__kernel': 'sigmoid'}",0.5857435997654876,0.5409786007426226,0.6067764315028338,0.5893589994137189,0.5658175642891801,0.5777350391427685,0.022519848741007528,225
116,4.728465557098389,0.03401439823305567,0.18199663162231444,0.005491127212295226,0.1,balanced,1,sigmoid,"{'model__C': 0.1, 'model__class_weight': 'balanced', 'model__gamma': 1, 'model__kernel': 'sigmoid'}",0.5759722493648622,0.5378273402384209,0.5940248192300175,0.5845832519054134,0.5620572537603106,0.5708929828998051,0.0195944435966606,227
145,5.256237411499024,0.04009413650220775,0.4702913284301758,0.015097620471550305,1,,1000,rbf,"{'model__C': 1, 'model__class_weight': None, 'model__gamma': 1000, 'model__kernel': 'rbf'}",0.5065406976744187,0.5021802325581395,0.500842778972054,0.5050872093023255,0.5036390101892285,0.5036579857392333,0.0020229785847735195,228
166,5.495375394821167,0.052568502986834825,0.4757981300354004,0.02215241154998556,1,balanced,1000,rbf,"{'model__C': 1, 'model__class_weight': 'balanced', 'model__gamma': 1000, 'model__kernel': 'rbf'}",0.5065406976744187,0.5021802325581395,0.500842778972054,0.5050872093023255,0.5036390101892285,0.5036579857392333,0.0020229785847735195,228
124,5.0946146011352536,0.0603555765516022,0.4883872985839844,0.06238523457836124,0.1,balanced,1000,rbf,"{'model__C': 0.1, 'model__class_weight': 'balanced', 'model__gamma': 1000, 'model__kernel': 'rbf'}",0.5065406976744187,0.5021802325581395,0.500842778972054,0.5050872093023255,0.5036390101892285,0.5036579857392333,0.0020229785847735195,228
271,5.627560234069824,0.04669910874355144,0.4669490814208984,0.017802680672259,1000,,1000,rbf,"{'model__C': 1000, 'model__class_weight': None, 'model__gamma': 1000, 'model__kernel': 'rbf'}",0.5065406976744187,0.5021802325581395,0.500842778972054,0.5050872093023255,0.5036390101892285,0.5036579857392333,0.0020229785847735195,228
208,5.599580240249634,0.0976141922517412,0.4697273731231689,0.016206298592609834,10,balanced,1000,rbf,"{'model__C': 10, 'model__class_weight': 'balanced', 'model__gamma': 1000, 'model__kernel': 'rbf'}",0.5065406976744187,0.5021802325581395,0.500842778972054,0.5050872093023255,0.5036390101892285,0.5036579857392333,0.0020229785847735195,228
292,5.437829399108887,0.15819288904209186,0.4105801582336426,0.07045832288883846,1000,balanced,1000,rbf,"{'model__C': 1000, 'model__class_weight': 'balanced', 'model__gamma': 1000, 'model__kernel': 'rbf'}",0.5065406976744187,0.5021802325581395,0.500842778972054,0.5050872093023255,0.5036390101892285,0.5036579857392333,0.0020229785847735195,228
229,5.562182807922364,0.03488693804654777,0.4816781520843506,0.03037451767681764,100,,1000,rbf,"{'model__C': 100, 'model__class_weight': None, 'model__gamma': 1000, 'model__kernel': 'rbf'}",0.5065406976744187,0.5021802325581395,0.500842778972054,0.5050872093023255,0.5036390101892285,0.5036579857392333,0.0020229785847735195,228
187,5.545450067520141,0.08326056148710435,0.48789286613464355,0.01382939810405932,10,,1000,rbf,"{'model__C': 10, 'model__class_weight': None, 'model__gamma': 1000, 'model__kernel': 'rbf'}",0.5065406976744187,0.5021802325581395,0.500842778972054,0.5050872093023255,0.5036390101892285,0.5036579857392333,0.0020229785847735195,228
250,5.570631885528565,0.05047281836061106,0.5339763164520264,0.07018308740693159,100,balanced,1000,rbf,"{'model__C': 100, 'model__class_weight': 'balanced', 'model__gamma': 1000, 'model__kernel': 'rbf'}",0.5065406976744187,0.5021802325581395,0.500842778972054,0.5050872093023255,0.5036390101892285,0.5036579857392333,0.0020229785847735195,228
103,4.990587949752808,0.0688848158493569,0.4648104667663574,0.023420922374251342,0.1,,1000,rbf,"{'model__C': 0.1, 'model__class_weight': None, 'model__gamma': 1000, 'model__kernel': 'rbf'}",0.5065406976744187,0.5021802325581395,0.5001221418800078,0.5050872093023255,0.5036390101892285,0.5035138583208241,0.0022331659527865416,237
82,5.019555234909058,0.051419620623142856,0.4639634132385254,0.012000094275017992,0.01,balanced,1000,rbf,"{'model__C': 0.01, 'model__class_weight': 'balanced', 'model__gamma': 1000, 'model__kernel': 'rbf'}",0.5058139534883721,0.5021802325581395,0.5001221418800078,0.5050872093023255,0.5036390101892285,0.5033685094836148,0.002047349542620573,238
61,4.7565110206604,0.059032878830848436,0.4610751628875732,0.014471909440663485,0.01,,1000,rbf,"{'model__C': 0.01, 'model__class_weight': None, 'model__gamma': 1000, 'model__kernel': 'rbf'}",0.5058139534883721,0.5021802325581395,0.5001221418800078,0.5043604651162791,0.5029112081513828,0.5030776002388363,0.0019339628017062242,239
40,4.987931919097901,0.029476344789445445,0.46868042945861815,0.016103167970994894,0.001,balanced,1000,rbf,"{'model__C': 0.001, 'model__class_weight': 'balanced', 'model__gamma': 1000, 'model__kernel': 'rbf'}",0.5050872093023255,0.5021802325581395,0.5001221418800078,0.502906976744186,0.5021834061135371,0.5024959933196392,0.0015947347065604996,240
19,2.546625518798828,0.06884563745464405,0.21070504188537598,0.009968650226412223,0.001,,1000,rbf,"{'model__C': 0.001, 'model__class_weight': None, 'model__gamma': 1000, 'model__kernel': 'rbf'}",0.502906976744186,0.5007267441860466,0.49723959351182334,0.5,0.5,0.5001746628884112,0.0018136140306150104,241
272,1.0798100471496581,0.019531578009405717,0.05091361999511719,0.005295101201939654,1000,,1000,sigmoid,"{'model__C': 1000, 'model__class_weight': None, 'model__gamma': 1000, 'model__kernel': 'sigmoid'}",0.5,0.5,0.5,0.5,0.5,0.5,0.0,242
269,1.0928983211517334,0.013285386483315537,0.04769158363342285,0.001290610662309898,1000,,100,sigmoid,"{'model__C': 1000, 'model__class_weight': None, 'model__gamma': 100, 'model__kernel': 'sigmoid'}",0.5,0.5,0.5,0.5,0.5,0.5,0.0,242
251,3.6660165309906008,0.07820402716119773,0.1430109977722168,0.002320704433842347,100,balanced,1000,sigmoid,"{'model__C': 100, 'model__class_weight': 'balanced', 'model__gamma': 1000, 'model__kernel': 'sigmoid'}",0.5,0.5,0.5,0.5,0.5,0.5,0.0,242
248,3.779157018661499,0.06295708780733744,0.14836406707763672,0.00399774609534258,100,balanced,100,sigmoid,"{'model__C': 100, 'model__class_weight': 'balanced', 'model__gamma': 100, 'model__kernel': 'sigmoid'}",0.5,0.5,0.5,0.5,0.5,0.5,0.0,242
290,3.6940006732940676,0.07974876199919186,0.14504141807556153,0.004487440974365213,1000,balanced,100,sigmoid,"{'model__C': 1000, 'model__class_weight': 'balanced', 'model__gamma': 100, 'model__kernel': 'sigmoid'}",0.5,0.5,0.5,0.5,0.5,0.5,0.0,242
146,1.088685655593872,0.0123108698624253,0.04957170486450195,0.002306764438619168,1,,1000,sigmoid,"{'model__C': 1, 'model__class_weight': None, 'model__gamma': 1000, 'model__kernel': 'sigmoid'}",0.5,0.5,0.5,0.5,0.5,0.5,0.0,242
122,3.698242950439453,0.03530404500234744,0.1466310977935791,0.004366743998978308,0.1,balanced,100,sigmoid,"{'model__C': 0.1, 'model__class_weight': 'balanced', 'model__gamma': 100, 'model__kernel': 'sigmoid'}",0.5,0.5,0.5,0.5,0.5,0.5,0.0,242
17,1.0376105785369873,0.024918852070656507,0.04919877052307129,0.004330568334610874,0.001,,100,sigmoid,"{'model__C': 0.001, 'model__class_weight': None, 'model__gamma': 100, 'model__kernel': 'sigmoid'}",0.5,0.5,0.5,0.5,0.5,0.5,0.0,242
20,1.2653850078582765,0.13911569788048472,0.051587581634521484,0.006937180097674163,0.001,,1000,sigmoid,"{'model__C': 0.001, 'model__class_weight': None, 'model__gamma': 1000, 'model__kernel': 'sigmoid'}",0.5,0.5,0.5,0.5,0.5,0.5,0.0,242
38,3.7410486221313475,0.05348931267202953,0.1490124225616455,0.008880948671808959,0.001,balanced,100,sigmoid,"{'model__C': 0.001, 'model__class_weight': 'balanced', 'model__gamma': 100, 'model__kernel': 'sigmoid'}",0.5,0.5,0.5,0.5,0.5,0.5,0.0,242
41,3.7824739456176757,0.0409212159463153,0.15103731155395508,0.005291058423635149,0.001,balanced,1000,sigmoid,"{'model__C': 0.001, 'model__class_weight': 'balanced', 'model__gamma': 1000, 'model__kernel': 'sigmoid'}",0.5,0.5,0.5,0.5,0.5,0.5,0.0,242
59,1.0673918724060059,0.015756863633496748,0.050541925430297854,0.005739556453882636,0.01,,100,sigmoid,"{'model__C': 0.01, 'model__class_weight': None, 'model__gamma': 100, 'model__kernel': 'sigmoid'}",0.5,0.5,0.5,0.5,0.5,0.5,0.0,242
62,1.0714513301849364,0.009488024325198054,0.04674906730651855,0.00333641050877658,0.01,,1000,sigmoid,"{'model__C': 0.01, 'model__class_weight': None, 'model__gamma': 1000, 'model__kernel': 'sigmoid'}",0.5,0.5,0.5,0.5,0.5,0.5,0.0,242
80,3.7431391716003417,0.07945582583546637,0.14670658111572266,0.002848578001856989,0.01,balanced,100,sigmoid,"{'model__C': 0.01, 'model__class_weight': 'balanced', 'model__gamma': 100, 'model__kernel': 'sigmoid'}",0.5,0.5,0.5,0.5,0.5,0.5,0.0,242
83,3.7480014324188233,0.07463347673199068,0.14837279319763183,0.005211170178743223,0.01,balanced,1000,sigmoid,"{'model__C': 0.01, 'model__class_weight': 'balanced', 'model__gamma': 1000, 'model__kernel': 'sigmoid'}",0.5,0.5,0.5,0.5,0.5,0.5,0.0,242
101,1.1047528266906739,0.0488613590099853,0.04882793426513672,0.0025372709480657564,0.1,,100,sigmoid,"{'model__C': 0.1, 'model__class_weight': None, 'model__gamma': 100, 'model__kernel': 'sigmoid'}",0.5,0.5,0.5,0.5,0.5,0.5,0.0,242
104,1.0928359031677246,0.013206833703918164,0.051631832122802736,0.00423935325494894,0.1,,1000,sigmoid,"{'model__C': 0.1, 'model__class_weight': None, 'model__gamma': 1000, 'model__kernel': 'sigmoid'}",0.5,0.5,0.5,0.5,0.5,0.5,0.0,242
125,3.702239227294922,0.049487716081065766,0.14613852500915528,0.0024317721440889647,0.1,balanced,1000,sigmoid,"{'model__C': 0.1, 'model__class_weight': 'balanced', 'model__gamma': 1000, 'model__kernel': 'sigmoid'}",0.5,0.5,0.5,0.5,0.5,0.5,0.0,242
143,1.057641077041626,0.014003135259926379,0.048091459274291995,0.0028288120742147077,1,,100,sigmoid,"{'model__C': 1, 'model__class_weight': None, 'model__gamma': 100, 'model__kernel': 'sigmoid'}",0.5,0.5,0.5,0.5,0.5,0.5,0.0,242
164,3.73832426071167,0.06415798920349608,0.14989881515502929,0.007285249686797496,1,balanced,100,sigmoid,"{'model__C': 1, 'model__class_weight': 'balanced', 'model__gamma': 100, 'model__kernel': 'sigmoid'}",0.5,0.5,0.5,0.5,0.5,0.5,0.0,242
293,3.4090976238250734,0.38996171426680887,0.11203298568725586,0.021242200617243176,1000,balanced,1000,sigmoid,"{'model__C': 1000, 'model__class_weight': 'balanced', 'model__gamma': 1000, 'model__kernel': 'sigmoid'}",0.5,0.5,0.5,0.5,0.5,0.5,0.0,242
230,1.0937045097351075,0.017833144840305803,0.04889326095581055,0.004170801656783127,100,,1000,sigmoid,"{'model__C': 100, 'model__class_weight': None, 'model__gamma': 1000, 'model__kernel': 'sigmoid'}",0.5,0.5,0.5,0.5,0.5,0.5,0.0,242
227,1.081153154373169,0.01124953341892003,0.0518916130065918,0.004919118824381229,100,,100,sigmoid,"{'model__C': 100, 'model__class_weight': None, 'model__gamma': 100, 'model__kernel': 'sigmoid'}",0.5,0.5,0.5,0.5,0.5,0.5,0.0,242
209,3.709843301773071,0.11519163810139045,0.14582996368408202,0.003737391417021285,10,balanced,1000,sigmoid,"{'model__C': 10, 'model__class_weight': 'balanced', 'model__gamma': 1000, 'model__kernel': 'sigmoid'}",0.5,0.5,0.5,0.5,0.5,0.5,0.0,242
206,3.723745346069336,0.031000532601863116,0.14463529586791993,0.0021620044982370227,10,balanced,100,sigmoid,"{'model__C': 10, 'model__class_weight': 'balanced', 'model__gamma': 100, 'model__kernel': 'sigmoid'}",0.5,0.5,0.5,0.5,0.5,0.5,0.0,242
167,3.762674570083618,0.06106106719700984,0.150573205947876,0.00465356966918752,1,balanced,1000,sigmoid,"{'model__C': 1, 'model__class_weight': 'balanced', 'model__gamma': 1000, 'model__kernel': 'sigmoid'}",0.5,0.5,0.5,0.5,0.5,0.5,0.0,242
188,1.095532512664795,0.02377456294590403,0.0497077465057373,0.003163030819817833,10,,1000,sigmoid,"{'model__C': 10, 'model__class_weight': None, 'model__gamma': 1000, 'model__kernel': 'sigmoid'}",0.5,0.5,0.5,0.5,0.5,0.5,0.0,242
185,1.0869670391082764,0.019737385533352424,0.04871068000793457,0.0015434728384255028,10,,100,sigmoid,"{'model__C': 10, 'model__class_weight': None, 'model__gamma': 100, 'model__kernel': 'sigmoid'}",0.5,0.5,0.5,0.5,0.5,0.5,0.0,242
161,3.8742941856384276,0.03243328979667069,0.1618654251098633,0.006592497086146518,1,balanced,10,sigmoid,"{'model__C': 1, 'model__class_weight': 'balanced', 'model__gamma': 10, 'model__kernel': 'sigmoid'}",0.5652909419581786,0.43996726597615793,0.5597457006058237,0.4921035274574946,0.427165211062591,0.4968545294120492,0.057886398798193496,270
119,3.7839415073394775,0.026214360224770316,0.14914484024047853,0.0067547348879837855,0.1,balanced,10,sigmoid,"{'model__C': 0.1, 'model__class_weight': 'balanced', 'model__gamma': 10, 'model__kernel': 'sigmoid'}",0.5601976255618527,0.4373839652139926,0.5590800273597811,0.49462575727965596,0.42587336244541485,0.4954321475721394,0.05736599353169515,271
203,3.868320274353027,0.06126194490548085,0.15333995819091797,0.004081095354312593,10,balanced,10,sigmoid,"{'model__C': 10, 'model__class_weight': 'balanced', 'model__gamma': 10, 'model__kernel': 'sigmoid'}",0.561296902481923,0.4387519542700801,0.5617915770959546,0.48886066054328714,0.42479378942261037,0.49509897676277104,0.058286861656296596,272
35,3.83044695854187,0.0859585811549937,0.14748501777648926,0.0050111487830874135,0.001,balanced,10,sigmoid,"{'model__C': 0.001, 'model__class_weight': 'balanced', 'model__gamma': 10, 'model__kernel': 'sigmoid'}",0.5521057260113347,0.4392893785421145,0.5560264803595857,0.4921707054914989,0.4303736050460941,0.4939931790901255,0.05341998873458436,273
77,3.8270112037658692,0.04902515661549815,0.14935731887817383,0.003408616192552953,0.01,balanced,10,sigmoid,"{'model__C': 0.01, 'model__class_weight': 'balanced', 'model__gamma': 10, 'model__kernel': 'sigmoid'}",0.5535042505374244,0.4381473519640414,0.5625427496580027,0.491999706859488,0.42261038330907325,0.49376088846560595,0.05737347004953576,274
245,3.7980748653411864,0.025540579466711753,0.1509708881378174,0.004178904314527832,100,balanced,10,sigmoid,"{'model__C': 100, 'model__class_weight': 'balanced', 'model__gamma': 10, 'model__kernel': 'sigmoid'}",0.5579257865937073,0.43662057846394375,0.5569669728356459,0.4849032636310338,0.4251031052886949,0.4923039413626052,0.05684873527958443,275
287,3.841381788253784,0.03932363079864712,0.1476625919342041,0.002345598712593986,1000,balanced,10,sigmoid,"{'model__C': 1000, 'model__class_weight': 'balanced', 'model__gamma': 10, 'model__kernel': 'sigmoid'}",0.5434031170607778,0.43731678717998823,0.5662192202462379,0.49620138753175685,0.41544153323629307,0.49171640905101077,0.05834290913746448,276
137,1.6560416221618652,0.05485887212310981,0.059444761276245116,0.002922023749336281,1,,1,sigmoid,"{'model__C': 1, 'model__class_weight': None, 'model__gamma': 1, 'model__kernel': 'sigmoid'}",0.45364715653703336,0.4892148719953098,0.4741792065663475,0.49822894273988666,0.5252426006792819,0.4881025557035718,0.02393406812751405,277
11,1.466867208480835,0.043442192602301165,0.059699392318725585,0.005128397792156409,0.001,,1,sigmoid,"{'model__C': 0.001, 'model__class_weight': None, 'model__gamma': 1, 'model__kernel': 'sigmoid'}",0.46409028727770174,0.4920241352354895,0.4868697478991596,0.4950654680476842,0.4851770984958758,0.4846453473911822,0.010869835671926094,278
95,1.7105425357818604,0.032115879954875914,0.060709381103515626,0.002900012803525131,0.1,,1,sigmoid,"{'model__C': 0.1, 'model__class_weight': None, 'model__gamma': 1, 'model__kernel': 'sigmoid'}",0.46586134453781514,0.489813367207348,0.48816445182724244,0.4935020519835841,0.48415817564289176,0.4842998782397762,0.009695494788034525,279
53,1.6828618049621582,0.018500641710355127,0.06868338584899902,0.0046751445106565735,0.01,,1,sigmoid,"{'model__C': 0.01, 'model__class_weight': None, 'model__gamma': 1, 'model__kernel': 'sigmoid'}",0.4654460621457886,0.4886652335352746,0.4881155950752394,0.49392954856361143,0.4826055312954876,0.48375239412308035,0.00983041271721061,280
179,1.5223974704742431,0.07899342097116098,0.05911340713500977,0.007804919153679648,10,,1,sigmoid,"{'model__C': 10, 'model__class_weight': None, 'model__gamma': 1, 'model__kernel': 'sigmoid'}",0.43742671487199536,0.47450898964236854,0.46024281805745554,0.4829734219269103,0.5157205240174673,0.4741744937032394,0.02587700328716098,281
221,1.4579564571380614,0.05760344693069139,0.05268959999084473,0.0021256822823795003,100,,1,sigmoid,"{'model__C': 100, 'model__class_weight': None, 'model__gamma': 1, 'model__kernel': 'sigmoid'}",0.4358632988078953,0.47305550127027557,0.45914354113738515,0.48155657611881963,0.47218583212032994,0.4643609498909411,0.01594898766889798,282
263,1.4038387298583985,0.05599657427172565,0.05486488342285156,0.003963902345395827,1000,,1,sigmoid,"{'model__C': 1000, 'model__class_weight': None, 'model__gamma': 1, 'model__kernel': 'sigmoid'}",0.43552130154387336,0.4734585694743013,0.4591435411373851,0.4807992964627712,0.471943231441048,0.46417318801187574,0.015932653965189152,283
158,3.8093357563018797,0.10524276949848593,0.13695001602172852,0.005954793601301914,1,balanced,1,sigmoid,"{'model__C': 1, 'model__class_weight': 'balanced', 'model__gamma': 1, 'model__kernel': 'sigmoid'}",0.4532440883330076,0.4692080320500293,0.48950801250732856,0.4676324017979285,0.42516982047549734,0.46095247103275827,0.02129794335794946,284
56,1.0898332595825195,0.018356417122359622,0.04947519302368164,0.0021374117829178157,0.01,,10,sigmoid,"{'model__C': 0.01, 'model__class_weight': None, 'model__gamma': 10, 'model__kernel': 'sigmoid'}",0.5398060386945476,0.4269347273793238,0.49129128395544264,0.469592778972054,0.3767952450266861,0.46088401480561086,0.05559245589982258,285
14,1.0548656940460206,0.018572023117223176,0.04713287353515625,0.0009045595562198821,0.001,,10,sigmoid,"{'model__C': 0.001, 'model__class_weight': None, 'model__gamma': 10, 'model__kernel': 'sigmoid'}",0.5376624487004104,0.42992109634551495,0.48650942935313657,0.4626306918116084,0.3836608442503639,0.4600769020922068,0.051910507410628415,286
266,1.1269315242767335,0.023700464371347502,0.05060272216796875,0.001325276949425837,1000,,10,sigmoid,"{'model__C': 1000, 'model__class_weight': None, 'model__gamma': 10, 'model__kernel': 'sigmoid'}",0.540703781512605,0.4264461598592926,0.49118746335743596,0.46477428180574554,0.37549733139252794,0.4597218035855214,0.05616889924435696,287
182,1.1103044509887696,0.04802996895892099,0.051042032241821286,0.0026761218421183885,10,,10,sigmoid,"{'model__C': 10, 'model__class_weight': None, 'model__gamma': 10, 'model__kernel': 'sigmoid'}",0.5381021594684385,0.4276492573773696,0.4922562048075044,0.46456664060973224,0.375,0.45951485245260904,0.05555476212926757,288
224,1.1086763858795166,0.01707615342014838,0.052266931533813475,0.002991356362106651,100,,10,sigmoid,"{'model__C': 100, 'model__class_weight': None, 'model__gamma': 10, 'model__kernel': 'sigmoid'}",0.5388166894664842,0.4272584033613445,0.4914134258354505,0.4627161911276138,0.3760431829209122,0.4592495785423611,0.0553609883909178,289
140,1.082970428466797,0.018770869203137266,0.05043139457702637,0.002920653259787379,1,,10,sigmoid,"{'model__C': 1, 'model__class_weight': None, 'model__gamma': 10, 'model__kernel': 'sigmoid'}",0.540874780144616,0.4265072307992964,0.49198749267148717,0.46329025796365053,0.37292576419213974,0.4591171051542379,0.0570518118240374,290
98,1.0838393688201904,0.014437789279511398,0.04716224670410156,0.0010589216874507085,0.1,,10,sigmoid,"{'model__C': 0.1, 'model__class_weight': None, 'model__gamma': 10, 'model__kernel': 'sigmoid'}",0.5343585108461989,0.42802789720539375,0.49444865155364476,0.4595771448114129,0.37642527899078115,0.4585674966814864,0.05424530496868664,291
200,3.049208402633667,0.07672582246973109,0.1007988452911377,0.010756598283395962,10,balanced,1,sigmoid,"{'model__C': 10, 'model__class_weight': 'balanced', 'model__gamma': 1, 'model__kernel': 'sigmoid'}",0.43443423881180376,0.4604504592534688,0.48454905217901123,0.45866718780535476,0.40725376031052885,0.4490709396720335,0.026241903181828907,292
242,3.051158046722412,0.0661716074062477,0.10428776741027831,0.0050921286044122984,100,balanced,1,sigmoid,"{'model__C': 100, 'model__class_weight': 'balanced', 'model__gamma': 1, 'model__kernel': 'sigmoid'}",0.4331639632597225,0.4611344537815125,0.47062487785812,0.45688391635724057,0.4068655992236778,0.4457345620960547,0.023020898388111537,293
284,2.964680480957031,0.05439424417528716,0.10371851921081543,0.0031368507986214433,1000,balanced,1,sigmoid,"{'model__C': 1000, 'model__class_weight': 'balanced', 'model__gamma': 1, 'model__kernel': 'sigmoid'}",0.43337160445573575,0.46111002540551105,0.470234023842095,0.45705491498925155,0.4063925278990781,0.4456326193183343,0.023088375006376657,294
