ID,PRED
K751808,0.1390795111656189
K837351,0.1924697607755661
K548114,0.1522114872932434
K736156,0.15476973354816437
K508080,0.1301117092370987
K823422,0.2804698348045349
K912220,0.16884556412696838
K917925,0.5435405969619751
K857768,0.26491791009902954
K733855,0.21443574130535126
K530927,0.11580609530210495
K689281,0.7639967799186707
K779910,0.3304498791694641
K696152,0.8691405057907104
K984423,0.10247871279716492
K521601,0.3097887635231018
K805248,0.3211151957511902
K896458,0.1647552251815796
K802487,0.08531979471445084
K619527,0.10716812312602997
K653124,0.11741253733634949
K977125,0.09234015643596649
K885860,0.12817275524139404
K669676,0.6810535788536072
K915073,0.13656722009181976
K632791,0.1628500521183014
K815141,0.10914603620767593
K867693,0.14861264824867249
K961174,0.10153909772634506
K688992,0.12809224426746368
K547786,0.25781944394111633
K726310,0.12816403806209564
K963760,0.12519800662994385
K926609,0.1333797723054886
K884651,0.10992021858692169
K644620,0.8356513977050781
K677219,0.2538721263408661
K725038,0.17140249907970428
K884425,0.14878708124160767
K891429,0.1261119693517685
K838479,0.3349984586238861
K526004,0.37491798400878906
K763596,0.8507202863693237
K990929,0.812044084072113
K954837,0.9061881303787231
K718970,0.1813633292913437
K888726,0.10012181103229523
K994955,0.13683205842971802
K633153,0.2216530740261078
K928121,0.08254408836364746
K953945,0.2960623502731323
K709629,0.09722277522087097
K694845,0.10934869199991226
K963281,0.1307225525379181
K874326,0.08975547552108765
K641920,0.26452553272247314
K890217,0.8299465775489807
K548035,0.08072727173566818
K723452,0.16298824548721313
K948363,0.17003709077835083
K820239,0.11065996438264847
K896590,0.10765692591667175
K932037,0.33064141869544983
K937754,0.903260350227356
K774408,0.1759261041879654
K539470,0.091382697224617
K518293,0.11482460796833038
K786774,0.10339523106813431
K720003,0.3340052366256714
K609473,0.12574981153011322
K982436,0.11684097349643707
K614020,0.16186438500881195
K874108,0.6084259152412415
K977085,0.3544095456600189
K947599,0.11537887156009674
K888551,0.35197266936302185
K700222,0.16316139698028564
K674517,0.14020512998104095
K951596,0.12837564945220947
K834937,0.8941965699195862
K855476,0.2493935078382492
K833208,0.8834990859031677
K763287,0.11187078058719635
K503978,0.18835438787937164
K591416,0.1724986881017685
K558625,0.15589027106761932
K613758,0.17040285468101501
K651230,0.4717714488506317
K813321,0.49653422832489014
K604105,0.15089160203933716
K877024,0.829269289970398
K984122,0.14041772484779358
K889986,0.15453417599201202
K794185,0.3681562542915344
K557118,0.47275668382644653
K914279,0.13981883227825165
K661078,0.999968
K693776,0.26736897230148315
K534207,0.08517415821552277
K877484,0.9198828935623169
K610918,0.19913093745708466
K575118,0.16329273581504822
K781836,0.20294189453125
K740446,0.5313971042633057
K777229,0.09397736936807632
K645863,0.22746042907238007
K975623,0.8518953919410706
K973462,0.32407936453819275
K754902,0.15789024531841278
K602728,0.1458163857460022
K527217,0.17636847496032715
K536045,0.5689628720283508
K648967,0.10919015854597092
K794589,0.2628885805606842
K626635,0.999966
K920875,0.17665068805217743
K987278,0.1448296457529068
K834490,0.13657639920711517
K798363,0.999992
K907249,0.12793748080730438
K686713,0.09460879117250443
K955872,0.07795450091362
K984811,0.17484349012374878
K676484,0.130359947681427
K876097,0.1751112937927246
K738209,0.21957926452159882
K995912,0.15298914909362793
K648054,0.13137376308441162
K970986,0.14514271914958954
K688465,0.17206761240959167
K618821,0.1747244894504547
K517990,0.23565714061260223
K650218,0.12677578628063202
K573337,0.13131007552146912
K939159,0.09990806132555008
K662189,0.2543577551841736
K608686,0.11834312975406647
K524468,0.848443865776062
K644051,0.17063874006271362
K856737,0.183016836643219
K546575,0.15402543544769287
K984464,0.6833401918411255
K776034,0.17070268094539642
K663765,0.2563496530056
K848337,0.15598195791244507
K921077,0.8693686127662659
K972618,0.16380083560943604
K594517,0.19260640442371368
K808518,0.11691893637180328
K544136,0.22201040387153625
K687788,0.09752523899078369
K871344,0.31238853931427
K669598,0.11181354522705078
K755360,0.10980291664600372
K949342,0.15470053255558014
K976992,0.09898162633180618
K637949,0.12084900587797165
K518995,0.09122393280267715
K726877,0.10742970556020737
K960270,0.6055145859718323
K640917,0.13323307037353516
K513072,0.2132520079612732
K502427,0.7482702136039734
K598923,0.15370091795921326
K935230,0.999997
K844627,0.09794431924819946
K722310,0.09559883922338486
K621204,0.8176395297050476
K519636,0.15021441876888275
K512650,0.15332597494125366
K528735,0.26919201016426086
K936595,0.10449091345071793
K760157,0.22025246918201447
K913520,0.10305525362491608
K973737,0.0922018438577652
K601120,0.13700398802757263
K585097,0.10621543973684311
K804102,0.14074714481830597
K991376,0.1759692281484604
K656320,0.16513895988464355
K626435,0.18945515155792236
K662122,0.1506519913673401
K647819,0.8039305210113525
K952181,0.18141423165798187
K768115,0.18720176815986633
K617950,0.2368048131465912
K967465,0.18466594815254211
K511776,0.11346917599439621
K992718,0.27211880683898926
K982915,0.12893632054328918
K796444,0.08580353111028671
K523610,0.10439193993806839
K901596,0.2180827260017395
K972682,0.09379468858242035
K777234,0.2565302848815918
K813890,0.9047425389289856
K870464,0.2553364634513855
K610806,0.2146296352148056
K819293,0.6410351395606995
K543895,0.7361406087875366
K898745,0.4105750322341919
K864139,0.13767009973526
K599416,0.16144956648349762
K994750,0.0928182601928711
K930746,0.2576907277107239
K710171,0.10507535934448242
K845754,0.10822657495737076
K967305,0.11754713952541351
K643845,0.13459251821041107
K932627,0.24157102406024933
K979445,0.7919292449951172
K728236,0.08754486590623856
K808239,0.23023554682731628
K501879,0.8863297700881958
K926895,0.11214081197977066
K542969,0.13677027821540833
K564321,0.15679599344730377
K901910,0.12932531535625458
K908190,0.10376356542110443
K746181,0.1264737993478775
K567858,0.09396147727966309
K656264,0.999964
K757252,0.1395822912454605
K705885,0.09118708223104477
K876878,0.08538482338190079
K591956,0.14153270423412323
K623325,0.09773861616849899
K651257,0.12669232487678528
K725017,0.11488383263349533
K759401,0.17942573130130768
K605579,0.3542681634426117
K645478,0.0931534469127655
K695855,0.1605692356824875
K739017,0.11862733960151672
K531266,0.13434769213199615
K734826,0.10019602626562119
K818398,0.11267781257629395
K539458,0.11540515720844269
K883015,0.6038797497749329
K600387,0.13439007103443146
K931922,0.10845048725605011
K860268,0.769837498664856
K591685,0.11983320116996765
K958581,0.1586485654115677
K858260,0.09632512927055359
K718111,0.12779657542705536
K943104,0.08642825484275818
K704648,0.07663877308368683
K523722,0.12451480329036713
K563485,0.1498119980096817
K843194,0.19083090126514435
K618673,0.09135057032108307
K936399,0.08349961787462234
K645649,0.11509900540113449
K943424,0.1268555372953415
K955596,0.10907229781150818
K585307,0.2366168349981308
K869468,0.19009120762348175
K982970,0.12667793035507202
K586845,0.14610682427883148
K567108,0.10734903067350388
K624848,0.19079631567001343
K728058,0.08350041508674622
K679871,0.10534508526325226
K606890,0.8266664147377014
K971949,0.1601005494594574
K930969,0.1672925502061844
K610802,0.47600820660591125
K549353,0.07959266752004623
K546650,0.999975
K715365,0.12743820250034332
K994503,0.41948601603507996
K676785,0.1553710401058197
K836427,0.19290591776371002
K621061,0.2527168095111847
K601568,0.09022802114486694
K508949,0.11553451418876648
K990819,0.29300084710121155
K688605,0.20132501423358917
K778312,0.8468636870384216
K522355,0.14429691433906555
K691093,0.14262592792510986
K897580,0.6046958565711975
K623621,0.13537701964378357
K559649,0.08671140670776367
K920771,0.25646936893463135
K572234,0.0767485499382019
K885891,0.23170353472232819
K505001,0.8759210109710693
K822326,0.15405701100826263
K938343,0.09154257923364639
K775249,0.9233172535896301
K996316,0.13622644543647766
K714781,0.14763665199279785
K557159,0.08735901117324829
K509204,0.8245715498924255
K503350,0.2840138375759125
K767242,0.848785400390625
K652827,0.8087793588638306
K691483,0.22330524027347565
K935259,0.19055786728858948
K852248,0.11164870113134384
K647041,0.19632883369922638
K967634,0.5830482244491577
K652033,0.3403317928314209
K519147,0.13525862991809845
K668690,0.08086923509836197
K787255,0.21419301629066467
K595493,0.22931884229183197
K817499,0.8105392456054688
K813066,0.14991021156311035
K553647,0.12905025482177734
K569342,0.09335330128669739
K622477,0.12026998400688171
K643255,0.4695111811161041
K757598,0.15914355218410492
K854725,0.11106715351343155
K989364,0.49723246693611145
K762052,0.1988288015127182
K997967,0.13883012533187866
K767521,0.16184686124324799
K556948,0.16525235772132874
K568814,0.44415679574012756
K811353,0.3262019753456116
K648248,0.1286909431219101
K855187,0.1532181203365326
K784749,0.07583204656839371
K798139,0.12618885934352875
K793954,0.1717810183763504
K779267,0.10509973019361496
K502411,0.18880042433738708
K800259,0.1385560929775238
K630264,0.5329527854919434
K827994,0.17021936178207397
K839449,0.279735267162323
K834586,0.0983264222741127
K939793,0.14676153659820557
K871238,0.1268865317106247
K759608,0.925958514213562
K868913,0.11629343032836914
K553379,0.11175629496574402
K521464,0.2679377794265747
K852146,0.12882156670093536
K770979,0.1328822672367096
K604238,0.6913249492645264
K923984,0.15275666117668152
K846214,0.15025173127651215
K721909,0.14085306227207184
K629007,0.2963361442089081
K787575,0.24543514847755432
K871630,0.12936659157276154
K775750,0.9147891998291016
K540860,0.08253680914640427
K722922,0.10010143369436264
K641285,0.11652470380067825
K962930,0.0907057672739029
K938744,0.10015588253736496
K951154,0.12190356850624084
K887865,0.083418108522892
K768039,0.11691728979349136
K596883,0.12732207775115967
K596179,0.10857703536748886
K832650,0.09777642041444778
K524802,0.15819817781448364
K968321,0.18056176602840424
K861951,0.09987005591392517
K758568,0.6409434676170349
K950802,0.16364452242851257
K849268,0.15298527479171753
K533898,0.3210481107234955
K963371,0.8913328647613525
K793538,0.09719689190387726
K722593,0.10979725420475006
K518280,0.8585783839225769
K540617,0.4412287771701813
K751757,0.12344413995742798
K543278,0.16649948060512543
K815718,0.1661166250705719
K562792,0.999991
K687240,0.12452006340026855
K710144,0.999974
K983300,0.15522117912769318
K830974,0.07129745185375214
K980200,0.37097689509391785
K649119,0.15212228894233704
K863933,0.4249718189239502
K790731,0.1698625236749649
K794658,0.2722659409046173
K662151,0.16751988232135773
K613717,0.08708422631025314
K714262,0.09955114871263504
K588653,0.999971
K690971,0.08132481575012207
K572787,0.5229774117469788
K598829,0.11581164598464966
K713837,0.1367756575345993
K527095,0.112977534532547
K821099,0.10882505774497986
K555415,0.1210884377360344
K881809,0.0960872620344162
K595326,0.5759745836257935
K770205,0.14862261712551117
K567039,0.24411062896251678
K914520,0.10807569324970245
K560743,0.08464381098747253
K788676,0.8869552612304688
K646695,0.16048145294189453
K723421,0.3323211371898651
K581149,0.34001195430755615
K687525,0.816310703754425
K513591,0.1333627849817276
K610454,0.11426939815282822
K918063,0.10822758078575134
K521029,0.16697828471660614
K579294,0.17392918467521667
K572606,0.20251768827438354
K510023,0.28091779351234436
K917159,0.19219569861888885
K949032,0.11701226234436035
K857436,0.13529042899608612
K981942,0.21330894529819489
K748643,0.1114407628774643
K944091,0.09786630421876907
K765339,0.10136162489652634
K764171,0.4019302725791931
K685617,0.10929716378450394
K561257,0.08594901114702225
K528195,0.3287825584411621
K939228,0.8285734057426453
K598565,0.7949932217597961
K660156,0.1047169640660286
K552858,0.6500551700592041
K619642,0.999972
K540001,0.1413118690252304
K923026,0.22223258018493652
K973150,0.6196982264518738
K584919,0.155927374958992
K576994,0.18989062309265137
K656308,0.11789616197347641
K745835,0.1783287227153778
K584342,0.12443049252033234
K743821,0.18563523888587952
K592757,0.4102312922477722
K834275,0.2097114622592926
K562148,0.2313515990972519
K755386,0.1394057422876358
K592628,0.2391069382429123
K753381,0.2282555252313614
K580586,0.999982
K519062,0.999987
K835505,0.14039820432662964
K529647,0.1335681527853012
K513570,0.15819679200649261
K805433,0.20475049316883087
K922447,0.999983
K780998,0.22529198229312897
K571083,0.12064024060964584
K692221,0.13452723622322083
K600473,0.8535346984863281
K648642,0.08018982410430908
K577507,0.0978441908955574
K909148,0.10167486220598221
K908247,0.09128983318805695
K560302,0.217244952917099
K638294,0.1431879997253418
K525408,0.08758382499217987
K569333,0.12319602072238922
K591688,0.15806664526462555
K788691,0.09829983115196228
K663118,0.14478100836277008
K925362,0.11626148223876953
K513720,0.14538542926311493
K943792,0.11549396812915802
K669907,0.16519778966903687
K785528,0.7355548143386841
K915968,0.0835099071264267
K774462,0.188426211476326
K920721,0.999962
K958916,0.0831378623843193
K876814,0.6554620265960693
K680315,0.7292044162750244
K818523,0.7536096572875977
K684169,0.11180486530065536
K752178,0.1732603907585144
K820484,0.09124245494604111
K742310,0.09317637234926224
K800682,0.22060073912143707
K599711,0.11595218628644943
K525832,0.21609771251678467
K739477,0.1307031661272049
K904715,0.17437952756881714
K644796,0.20647941529750824
K932107,0.99999
K911392,0.07675729691982269
K851544,0.16870033740997314
K799660,0.20680679380893707
K954796,0.10921898484230042
K844624,0.1746559888124466
K633358,0.1435590535402298
K992171,0.09355869889259338
K938994,0.14275887608528137
K949451,0.14722099900245667
K642423,0.7947253584861755
K853557,0.10680738091468811
K534393,0.20952065289020538
K756116,0.8082810044288635
K817893,0.09065386652946472
K848552,0.999961
K885199,0.37887316942214966
K911798,0.15173731744289398
K703280,0.11659016460180283
K678385,0.12473637610673904
K814131,0.2732903063297272
K568744,0.17537613213062286
K971212,0.7289415001869202
K553223,0.9255180954933167
K704065,0.14418557286262512
K873557,0.16996759176254272
K712991,0.07963505387306213
K675657,0.41801220178604126
K940687,0.1570693850517273
K554120,0.10502611100673676
K633716,0.164205402135849
K518979,0.190405011177063
K796883,0.23914584517478943
K920879,0.1538887321949005
K769123,0.19669795036315918
K581882,0.09410915523767471
K615912,0.1335340291261673
K712964,0.3401566445827484
K780646,0.10103752464056015
K880249,0.08280911296606064
K973946,0.08869149535894394
K903743,0.20226262509822845
K944460,0.1356213539838791
K680671,0.08508430421352386
K785735,0.1430331915616989
K791216,0.18783262372016907
K659950,0.7816521525382996
K901874,0.999988
K961455,0.14055927097797394
K798670,0.0887516662478447
K656186,0.6405826807022095
K964330,1.0
K634986,0.1279401183128357
K960273,0.16950903832912445
K530780,0.16483174264431
K755942,0.0868096798658371
K769465,0.20520053803920746
K871681,0.19269810616970062
K871808,0.32570892572402954
K995362,0.18409320712089539
K876565,0.4465073049068451
K769922,0.903343915939331
K769396,0.09722021967172623
K500831,0.0901346281170845
K867875,0.10949144512414932
K563637,0.17958669364452362
K689011,0.10741472244262695
K798567,0.7841652631759644
K535695,0.20418192446231842
K718694,0.7741817831993103
K740367,0.28713274002075195
K902234,0.11184031516313553
K973579,0.7806492447853088
K787278,0.19742423295974731
K773256,0.17289970815181732
K640679,0.21592013537883759
K943836,0.1250135898590088
K836910,0.1195308193564415
K643508,0.5561022162437439
K901081,0.1661083847284317
K569887,0.09473630785942078
K890255,0.16615423560142517
K745495,0.1559893935918808
K690486,0.08549134433269501
K827671,0.10652507841587067
K760967,0.2109140306711197
K814474,0.09390293061733246
K920627,0.08500909805297852
K733821,0.47589680552482605
K667368,0.08754486590623856
K761140,0.20085081458091736
K824914,0.1463208794593811
K541771,0.8976995348930359
K854319,0.8728693723678589
K734151,0.10247024893760681
K647080,0.08508430421352386
K525641,0.1360447257757187
K563143,0.0899088978767395
K598644,0.12855249643325806
K804583,0.2883725166320801
K886430,0.4728550910949707
K997155,0.15754157304763794
K625788,0.9066207408905029
K592916,0.19992971420288086
K784198,0.07677799463272095
K799686,0.23962275683879852
K775675,0.2283613085746765
K878453,0.48147377371788025
K843976,0.13257217407226562
K816213,0.13423854112625122
K765007,0.24546384811401367
K634697,0.28060147166252136
K909940,0.11057700961828232
K685703,0.11417600512504578
K662365,0.14043375849723816
K523540,0.15511561930179596
K648784,0.10124889016151428
K914990,0.23627932369709015
K732644,0.20613808929920197
K998294,0.8534611463546753
K941936,0.14237818121910095
K674869,0.29990869760513306
K952256,0.17555810511112213
K624702,0.0877809152007103
K744174,0.1480102390050888
K873132,0.13669748604297638
K864047,0.8298822045326233
K566651,0.13025648891925812
K737306,0.16151878237724304
K880959,0.11863643676042557
K735931,0.16484420001506805
K928319,0.08392060548067093
K931360,0.1551923155784607
K757163,0.1268400102853775
K893423,0.09749137610197067
K761153,0.08179473131895065
K596068,0.10688798874616623
K600750,0.8589341640472412
K678135,0.10842464119195938
K754669,0.2976148724555969
K989362,0.33163174986839294
K869764,0.15964384377002716
K818930,0.8680575489997864
K962418,0.2986012399196625
K922814,0.11469847708940506
K508106,0.08964014053344727
K504622,0.999998
K643277,0.5638608336448669
K607861,0.20191094279289246
K734993,0.14821411669254303
K712858,0.10870088636875153
K932872,0.1341448277235031
K897473,0.18648405373096466
K823870,0.21835921704769135
K858762,0.16170501708984375
K672507,0.13224220275878906
K522864,0.19412840902805328
K992574,0.10290683805942535
K661083,0.18767450749874115
K776220,0.999979
K875363,0.13225100934505463
K563177,0.09529060125350952
K668161,0.12725989520549774
K532379,0.06080476567149162
K646382,0.13632985949516296
K626895,0.3136400282382965
K811434,0.12243568897247314
K808246,0.211369588971138
K537135,0.12536026537418365
K502949,0.2929243743419647
K892620,0.845294177532196
K851330,0.15821994841098785
K952806,0.11387771368026733
K669263,0.3299669921398163
K983307,0.10403064638376236
K988928,0.13466288149356842
K973480,0.34241804480552673
K651368,0.2900821566581726
K840636,0.16190983355045319
K583855,0.12050577998161316
K726300,0.20870010554790497
K724545,0.47019195556640625
K503578,0.1628650575876236
K540637,0.08220342546701431
K564094,0.16628384590148926
K667878,0.24826784431934357
K775177,0.09084885567426682
K791557,0.11201492697000504
K730613,0.16709767282009125
K539016,0.7824571132659912
K510460,0.17986513674259186
K783745,0.11012549698352814
K736518,0.10272189974784851
K905924,0.8523709774017334
K929657,0.10740604251623154
K817130,0.15391075611114502
K639015,0.12397827208042145
K992047,0.12414994090795517
K718265,0.8846641182899475
K716445,0.26212894916534424
K808455,0.14325198531150818
K533414,0.13888804614543915
K929522,0.08855431526899338
K818783,0.1502499133348465
K852270,0.1289648711681366
K523241,0.21259362995624542
K820740,0.4785866141319275
K655603,0.4162137806415558
K759657,0.14511887729167938
K702169,0.1604982614517212
K728838,0.1590775102376938
K911699,0.15098245441913605
K792183,0.12207663059234619
K566585,0.9067443013191223
K869881,0.21477337181568146
K951518,0.23365361988544464
K851266,0.13710106909275055
K756895,0.14407461881637573
K992955,0.24929068982601166
K806907,0.18605734407901764
K901740,0.11017271876335144
K619062,0.13295015692710876
K667415,0.13547763228416443
K652671,0.1480102390050888
K599211,0.14785519242286682
K744701,0.09622036665678024
K781267,0.10868395119905472
K513346,0.1426650583744049
K786188,0.17651621997356415
K799596,0.7384318113327026
K861912,0.1914212852716446
K645946,0.25916871428489685
K900163,0.19343416392803192
K551473,0.14358551800251007
K816700,0.07956115156412125
K617021,0.12196619063615799
K546693,0.09393201023340225
K514237,0.1366490125656128
K817299,0.08820706605911255
K964837,0.10160885751247406
K964792,0.0926087498664856
K952979,0.0999547690153122
K910241,0.999995
K750363,0.10596489161252975
K598640,0.10120129585266113
K932150,0.1176183670759201
K770170,0.0966385081410408
K828892,0.2375243902206421
K937890,0.10414060950279236
K911450,0.13950730860233307
K964409,0.12502135336399078
K757959,0.10751625895500183
K533799,0.21253317594528198
K703647,0.8647453188896179
K937588,0.999984
K855049,0.10002143681049347
K803111,0.15749435126781464
K648682,0.16708454489707947
K674012,0.999993
K775112,0.11806581169366837
K694917,0.1421915888786316
K697339,0.22192040085792542
K820134,0.8251058459281921
K980762,0.8950752019882202
K771421,0.1687926948070526
K509365,0.18614940345287323
K956244,0.13760219514369965
K536022,0.2576923072338104
K925535,0.1360880583524704
K662328,0.0975448489189148
K911236,0.14489412307739258
K515040,0.17744210362434387
K528757,0.20219041407108307
K695548,0.4540588855743408
K860565,0.16564573347568512
K536210,0.12939640879631042
K735057,0.14124800264835358
K655599,0.8646796941757202
K942197,0.09646657109260559
K742103,0.10098978132009506
K768979,0.17533433437347412
K661099,0.11671856045722961
K869450,0.16341039538383484
K876687,0.15132713317871094
K612342,0.15672431886196136
K932902,0.11947371810674667
K812965,0.2541752755641937
K974223,0.09633025527000427
K926722,0.3067205846309662
K928632,0.09226300567388535
K515665,0.2842765152454376
K953566,0.11330875754356384
K731815,0.1650787740945816
K830649,0.16977033019065857
K927405,0.18542835116386414
K524421,0.1694786548614502
K530642,0.1766928732395172
K582150,0.11617524176836014
K868263,0.11562807857990265
K728098,0.403351753950119
K597988,0.12705835700035095
K643771,0.12867729365825653
K743619,0.8380366563796997
K503690,0.19373098015785217
K676706,0.20082987844944
K923282,0.2543911635875702
K989868,0.8626337647438049
K533080,0.16119235754013062
K502266,0.08895917981863022
K618619,0.08255726099014282
K954096,0.16315314173698425
K646984,0.884936511516571
K789352,0.16442300379276276
K759585,0.16285578906536102
K918978,0.18333765864372253
K722790,0.11004094779491425
K767227,0.8616584539413452
K850175,0.8205279111862183
K522505,0.1081903800368309
K904953,0.1625966876745224
K716038,0.17026105523109436
K724786,0.1563401222229004
K815295,0.08491992205381393
K769062,0.2242947220802307
K526535,0.8545785546302795
K962967,0.11115965247154236
K768869,0.1359475553035736
K910413,0.09314247220754623
K745364,0.999963
K977528,0.12274868786334991
K633824,0.33020439743995667
K534441,0.10011334717273712
K819818,0.09260278195142746
K925703,0.10138050466775894
K980869,0.24052713811397552
K719274,0.08070533722639084
K978219,0.12931038439273834
K648770,0.18804879486560822
K609989,0.19358591735363007
K874759,0.11019962280988693
K916676,0.8923261165618896
K694226,0.1315610557794571
K743551,0.15448306500911713
K573724,0.22306382656097412
K737396,0.9248747229576111
K778971,0.08470997959375381
K906475,0.49514061212539673
K924417,0.31314021348953247
K846562,0.0835099071264267
K595506,0.08557681739330292
K531597,0.14733123779296875
K542081,0.10916479676961899
K705533,0.3648815453052521
K834020,0.8952772617340088
K745035,0.8760966658592224
K613224,0.10630473494529724
K948335,0.07727094739675522
K561499,0.50553959608078
K977416,0.12956100702285767
K891626,0.0904451385140419
K635366,0.12109465152025223
K915767,0.13023917376995087
K664787,0.999973
K788186,0.8927904963493347
K681193,0.2305092066526413
K864918,0.11159772425889969
K750554,0.1459895223379135
K537626,0.15637432038784027
K721520,0.2401760220527649
K813526,0.1789713352918625
K995947,0.6124142408370972
K975022,0.15666650235652924
K830692,0.8836010694503784
K787431,0.13400962948799133
K969994,0.0994829460978508
K930412,0.16911913454532623
K961199,0.8300802707672119
K839559,0.11955857276916504
K619077,0.3639505207538605
K685016,0.21110579371452332
K854630,0.1828131079673767
K847855,0.1627764254808426
K828409,0.2003108114004135
K626736,0.26732954382896423
K866742,0.6630349159240723
K697878,0.1674179583787918
K756645,0.1668858379125595
K557121,0.12925943732261658
K911753,0.21164162456989288
K904584,0.13021764159202576
K893656,0.3652615249156952
K872604,0.13906940817832947
K684965,0.5933430194854736
K942847,0.13923101127147675
K512449,0.99997
K900514,0.15869000554084778
K532683,0.28627705574035645
K626543,0.08547103404998779
K503939,0.37707459926605225
K646917,0.2955409288406372
K982680,0.19002382457256317
K566467,0.21966169774532318
K763292,0.31007441878318787
K559087,0.12016407400369644
K513761,0.1281140148639679
K814285,0.9228153824806213
K980659,0.1565408557653427
K817755,0.16951636970043182
K634875,0.09868140518665314
K926513,0.5264099836349487
K628969,0.08086569607257843
K693827,0.8391427397727966
K945380,0.1523984968662262
K737172,0.24161984026432037
K650610,0.11283747851848602
K740736,0.07573574036359787
K908994,0.1122371256351471
K597065,0.40255486965179443
K562262,0.16536375880241394
K814728,0.8567399382591248
K972806,0.10413583368062973
K933430,0.8124836683273315
K855778,0.4854852259159088
K508320,0.07354626804590225
K946689,0.9248747229576111
K891889,0.14059600234031677
K559293,0.15355965495109558
K707984,0.28640156984329224
K566345,0.12825937569141388
K710404,0.21376380324363708
K636743,0.13554395735263824
K843965,0.7989621758460999
K757164,0.462287962436676
K967604,0.07928601652383804
K550108,0.2913762927055359
K938748,0.08049832284450531
K970546,0.0875198245048523
K776925,0.8284680247306824
K930956,0.10635136067867279
K964920,0.18224236369132996
K558923,0.999981
K916740,0.9020469188690186
K945462,0.8728031516075134
K800136,0.8872936367988586
K841803,0.13198363780975342
K754248,0.9040890336036682
K667164,0.11736617237329483
K949543,0.10195248574018478
K580182,0.7564086318016052
K621291,0.08532349765300751
K698429,0.15715676546096802
K999466,0.7958290576934814
K902573,0.1172628253698349
K937468,0.45422524213790894
K517925,0.21602992713451385
K912905,0.08668288588523865
K683234,0.08208422362804413
K755983,0.1520759016275406
K508962,0.4746595025062561
K754793,0.15586256980895996
K743107,0.125346839427948
K679355,0.1447223722934723
K925544,0.1274101287126541
K821009,0.12403517216444016
K541933,0.1182950958609581
K533037,0.15482285618782043
K747778,0.14137093722820282
K698255,0.10281236469745636
K810857,0.10340062528848648
K618408,0.2121620923280716
K849881,0.1115158274769783
K939066,0.36822301149368286
K985449,0.22775216400623322
K509878,0.14449889957904816
K825337,0.3170470595359802
K564508,0.1012084111571312
K644595,0.7678375244140625
K681783,0.22065892815589905
K956451,0.09112195670604706
K649426,0.27004432678222656
K912742,0.13802284002304077
K741894,0.22664038836956024
K744492,0.49723246693611145
K880758,0.1419534832239151
K835312,0.12228887528181076
K949559,0.325228214263916
K768210,0.2146243453025818
K729866,0.11326119303703308
K973245,0.15971015393733978
K636236,0.17951881885528564
K731537,0.0962291806936264
K698336,0.11991956830024719
K939844,0.8572860956192017
K653534,0.08636236935853958
K553977,0.274662047624588
K740478,0.20203009247779846
K504210,0.12940149009227753
K998640,0.11526187509298325
K794793,0.18149879574775696
K829910,0.26549264788627625
K784676,0.11523770540952682
K781600,0.0976141095161438
K899062,0.1071176528930664
K753481,0.0891837403178215
K573940,0.2254788726568222
K687361,0.999986
K993349,0.1973908692598343
K744231,0.893903911113739
K701220,0.999976
K608119,0.3204095959663391
K768515,0.11496098339557648
K802946,0.09099768102169037
K652432,0.8681639432907104
K607642,0.21096351742744446
K831958,0.16931267082691193
K537609,0.1495392769575119
K993232,0.2151925414800644
K565121,0.5001640319824219
K854009,0.19368915259838104
K879662,0.11232665926218033
K661843,0.08737733960151672
K512113,0.1515296995639801
K962474,0.501196563243866
K946425,0.16008785367012024
K866739,0.12938210368156433
K547474,0.9076050519943237
K697423,0.1540907770395279
K703943,0.24546384811401367
K776204,0.14736343920230865
K993593,0.2553299069404602
K734490,0.21238186955451965
K628175,0.09156530350446701
K956736,0.13473713397979736
K663624,0.1416841298341751
K625803,0.999999
K902882,0.1858941614627838
K807776,0.999967
K998564,0.06473756581544876
K523288,0.9139571785926819
K695293,0.1177901029586792
K965405,0.09440900385379791
K511185,0.14881685376167297
K867046,0.26064085960388184
K987738,0.466541588306427
K552469,0.13001978397369385
K722289,0.10833258181810379
K798076,0.14928458631038666
K999350,0.16884252429008484
K589613,0.8182253241539001
K568025,0.13679678738117218
K858693,0.09433699399232864
K641186,0.1477779895067215
K905719,0.18854103982448578
K782006,0.2135487198829651
K538396,0.15911129117012024
K701645,0.13565725088119507
K522942,0.16987526416778564
K532978,0.1575767993927002
K621014,0.25751063227653503
K810164,0.10858174413442612
K991792,0.11639277637004852
K782400,0.1383783370256424
K569974,0.20327326655387878
K945703,0.09628267586231232
K619324,0.12456151098012924
K872867,0.12570971250534058
K521431,0.25628039240837097
K746916,0.15145710110664368
K912258,0.7732863426208496
K941103,0.49723246693611145
K512043,0.1655120849609375
K842745,0.9146888852119446
K992345,0.20236389338970184
K851600,0.12819786369800568
K738724,0.0995255559682846
K757623,0.12051323056221008
K686654,0.1959221065044403
K583941,0.11557253450155258
K631378,0.6431942582130432
K821096,0.24388352036476135
K669212,0.09951160848140717
K653898,0.8781488537788391
K949614,0.11656610667705536
K953807,0.10928817838430405
K502149,0.9176410436630249
K633260,0.20181994140148163
K876682,0.10363951325416565
K551676,0.10950476676225662
K770221,0.1352580487728119
K998827,0.18603314459323883
K737775,0.17398077249526978
K628613,0.09623374789953232
K542700,0.12535254657268524
K683439,0.14749500155448914
K538111,0.12720152735710144
K951121,0.1126796156167984
K646382,0.42483311891555786
K663869,0.15208293497562408
K804090,0.15271788835525513
K612835,0.13467003405094147
K581182,0.9122341871261597
K523299,0.1448041796684265
K976368,0.14289261400699615
K841384,0.23220916092395782
K918993,0.20244257152080536
K518663,0.6535048484802246
K789458,0.23476263880729675
K998556,0.12422270327806473
K514383,0.5787633061408997
K758196,0.8991997241973877
K519516,0.21633219718933105
K778652,0.2405155748128891
K504782,0.10762537270784378
K802537,0.9131629467010498
K630360,0.14100447297096252
K868846,0.1351785957813263
K632374,0.1033138707280159
K787423,0.13873666524887085
K824315,0.1967165321111679
K605679,0.824695348739624
K660565,0.7217754125595093
K982027,0.1627601832151413
K975484,0.999994
K909538,0.12082735449075699
K745190,0.17592737078666687
K662800,0.08486255258321762
K977735,0.0973818302154541
K704347,0.1625988483428955
K902780,0.2185637503862381
K700796,0.99998
K972508,0.13112126290798187
K978237,0.08159535378217697
K632732,0.09050659090280533
K916560,0.13760891556739807
K659024,0.14691533148288727
K701183,0.08840972930192947
K640174,0.9184427857398987
K866680,0.15069404244422913
K617759,0.1786174476146698
K954006,0.10980291664600372
K534233,0.16844017803668976
K536249,0.8912581205368042
K853129,0.12380101531744003
K624262,0.3648098111152649
K778917,0.1258871853351593
K726704,0.306641161441803
K842118,0.1293172389268875
K578055,0.1596611738204956
K816432,0.3154386579990387
K762552,0.8781844973564148
K511127,0.08627266436815262
K652878,0.19772112369537354
K644924,0.2458413988351822
K923672,0.10812590271234512
K971829,0.7936975359916687
K763914,0.08713721483945847
K609112,0.4740625023841858
K684136,0.14393816888332367
K766435,0.7096366882324219
K724210,0.8177010416984558
K718303,0.11696697026491165
K825622,0.08266987651586533
K917256,0.8112781643867493
K837104,0.15944357216358185
K962419,0.603524923324585
K522941,0.10074678808450699
K699367,0.11552977561950684
K956981,0.2013191133737564
K673312,0.3642111122608185
K955894,0.22658874094486237
K600188,0.16463041305541992
K727458,0.21886776387691498
K967704,0.11424146592617035
K819010,0.29481369256973267
K879432,0.6258385181427002
K704947,0.11219437420368195
K820381,0.18816624581813812
K892906,0.7942785024642944
K853073,0.3649255335330963
K793117,0.18814341723918915
K805409,0.10052639991044998
K808208,0.14361335337162018
K514041,0.23494142293930054
K976314,0.999977
K561251,0.20061951875686646
K695220,0.1152639389038086
K944314,0.1730281263589859
K523610,0.26004087924957275
K916078,0.9082703590393066
K729059,0.1839810311794281
K919660,0.20067495107650757
K695150,0.7773802280426025
K998040,0.19819161295890808
K548316,0.15434075891971588
K837343,0.18118244409561157
K507705,0.09851215034723282
K597323,0.15283915400505066
K879848,0.08551761507987976
K523579,0.7139614224433899
K605517,0.12732695043087006
K797517,0.8816623091697693
K801941,0.8205552101135254
K664341,0.13451921939849854
K664282,0.2175101935863495
K706910,0.6382042169570923
K778677,0.17344118654727936
K686257,0.10755905508995056
K589106,0.13291357457637787
K947496,0.3830934464931488
K591508,0.15550103783607483
K773574,0.2571777403354645
K668840,0.15887273848056793
K950106,0.8692467212677002
K939947,0.1991017460823059
K696693,0.28563809394836426
K899684,0.6237333416938782
K966150,0.1078479215502739
K594179,0.1689194142818451
K508910,0.2099245935678482
K602542,0.5958269834518433
K613788,0.12247393280267715
K832620,0.2927176356315613
K652022,0.07990077137947083
K807631,0.13604837656021118
K638746,0.1624729335308075
K777238,0.22061197459697723
K636400,0.7350231409072876
K912928,0.14862626791000366
K525493,0.22048111259937286
K700461,0.4796459674835205
K665659,0.10089168697595596
K708996,0.1063612625002861
K856566,0.38318368792533875
K645293,0.8192188143730164
K835301,0.6730077862739563
K692172,0.09632956236600876
K938620,0.5889958143234253
K617876,0.4276314377784729
K712538,0.23069366812705994
K893344,0.09211871027946472
K905995,0.1078023612499237
K837652,0.18431416153907776
K529469,0.10007325559854507
K585536,0.1805083155632019
K740397,0.18307001888751984
K563937,0.22001385688781738
K597062,0.13205280900001526
K560226,0.3861631453037262
K735548,0.3433065414428711
K754550,0.10568927973508835
K644082,0.11751653999090195
K948327,0.10949169099330902
K533296,0.1041044220328331
K746903,0.07892262935638428
K988358,0.3297138512134552
K874599,0.11945737898349762
K800110,0.8469780087471008
K758942,0.18400217592716217
K655937,0.14220762252807617
K782197,0.27438560128211975
K735736,0.5025402903556824
K853875,0.8115944862365723
K534136,0.2246641218662262
K609444,0.18226264417171478
K973846,0.0824250653386116
K601861,0.1368764340877533
K532310,0.7393278479576111
K908811,0.1984296292066574
K854729,0.16754698753356934
K795982,0.8938063979148865
K683969,0.16443929076194763
K658154,0.11978601664304733
K587937,0.1238873079419136
K893335,0.10522961616516113
K853281,0.3174607753753662
K855263,0.2174566090106964
K990679,0.21368743479251862
K695669,0.2416997104883194
K724563,0.11984161287546158
K588837,0.14937832951545715
K517192,0.8945833444595337
K525889,0.861419141292572
K992563,0.47742199897766113
K779583,0.18041501939296722
K580613,0.28278061747550964
K731536,0.8723468780517578
K937124,0.11895149946212769
K620039,0.15209463238716125
K863901,0.1332518607378006
K546804,0.1517093926668167
K526221,0.1085801050066948
K712610,0.11026966571807861
K823507,0.31564760208129883
K889900,0.14095045626163483
K812420,0.17957980930805206
K869446,0.15818233788013458
K842426,0.1583295315504074
K655485,0.16216562688350677
K991794,0.83456951379776
K892656,0.22421155869960785
K691409,0.19539211690425873
K948834,0.08606544882059097
K861849,0.8262538313865662
K661082,0.11042062193155289
K580155,0.11857974529266357
K917748,0.09597020596265793
K525799,0.7911909222602844
K917118,0.8143722414970398
K662156,0.16559633612632751
K549600,0.23066239058971405
K678535,0.07834859937429428
K515097,0.8088632822036743
K608363,0.24540527164936066
K562617,0.1352580487728119
K650960,0.13265949487686157
K824350,0.16606131196022034
K981181,0.11633497476577759
K551133,0.09806222468614578
K778978,0.12344986945390701
K828088,0.13228021562099457
K615290,0.08212010562419891
K699037,0.884727954864502
K978912,0.1020314022898674
K763608,0.27883559465408325
K979632,0.8480424880981445
K744908,0.8542596101760864
K630945,0.16778035461902618
K993904,0.11435525864362717
K700278,0.12216005474328995
K794268,0.28305530548095703
K604197,0.32810544967651367
K568890,0.13824528455734253
K831463,0.13284796476364136
K721135,0.08735167980194092
K664050,0.09764760732650757
K527942,0.1295633167028427
K514756,0.21027545630931854
K805345,0.15450696647167206
K633399,0.07184090465307236
K899559,0.10236728191375732
K576207,0.7851588129997253
K741420,0.12662094831466675
K796714,0.36466020345687866
K774254,0.8616929054260254
K992706,0.20996609330177307
K989471,0.1341099888086319
K929261,0.1563071608543396
K558778,0.14771056175231934
K742691,0.5417864322662354
K808125,0.0920182541012764
K679735,0.16473929584026337
K883488,0.42099592089653015
K618980,0.13385063409805298
K647051,0.6537790894508362
K798561,0.1247718334197998
K721315,0.11284353584051132
K764707,0.14894860982894897
K591576,0.0933089479804039
K524839,0.12460678070783615
K500247,0.12192018330097198
K702960,0.13144581019878387
K544964,0.18034698069095612
K637485,0.16602376103401184
K547559,0.8077976703643799
K805738,0.13901688158512115
K820138,0.5031470656394958
K657483,0.17100906372070312
K594219,0.11053267121315002
K844650,0.3495061695575714
K699705,0.8689525127410889
K903784,0.09944574534893036
K568550,0.16513998806476593
K863095,0.153309166431427
K889473,0.6601470112800598
K525953,0.3389167785644531
K680677,0.2249375879764557
K508644,0.8499103784561157
K988457,0.12192012369632721
K613136,0.17200428247451782
K840098,0.137442946434021
K624772,0.24361921846866608
K757537,0.4212507903575897
K902681,0.7841553092002869
K929694,0.19821035861968994
K972168,0.154396653175354
K876738,0.17458856105804443
K785889,0.10138045251369476
K735635,0.12107627838850021
K873098,0.1127554401755333
K591059,0.18858923017978668
K726822,0.11648750305175781
K998470,0.7177714109420776
K762779,0.18302996456623077
K671736,0.8934975266456604
K632600,0.1078672781586647
K717728,0.999985
K766888,0.1227036714553833
K689673,0.11584286391735077
K596680,0.46209344267845154
K614165,0.07570145279169083
K585714,0.15189984440803528
K634262,0.0909637063741684
K911521,0.5176443457603455
K518929,0.1671808660030365
K718817,0.19325272738933563
K775238,0.12625421583652496
K740208,0.34094083309173584
K849060,0.12111257761716843
K926649,0.100943922996521
K888331,0.19928909838199615
K702855,0.13468414545059204
K943552,0.7731585502624512
K579027,0.11080588400363922
K995920,0.13366417586803436
K650723,0.07851279526948929
K821092,0.13340887427330017
K534601,0.17062412202358246
K629481,0.09607037156820297
K659299,0.3442693054676056
K810907,0.11970578879117966
K684505,0.818686306476593
K919248,0.136135071516037
K987777,0.23265890777111053
K994886,0.14823248982429504
K554074,0.25156041979789734
K548223,0.11170610040426254
K673861,0.11618463695049286
K851759,0.0743136778473854
K634852,0.24540545046329498
K701524,0.328651487827301
K742061,0.6701856851577759
K850161,0.11219657957553864
K875225,0.13619649410247803
K533607,0.11747658252716064
K774278,0.10122421383857727
K798988,0.09216449409723282
K612478,0.18097294867038727
K740612,0.2135029137134552
K644661,0.14219501614570618
K641486,0.09203403443098068
K741977,0.17078161239624023
K939461,0.22101569175720215
K746812,0.10557305812835693
K636354,0.15996184945106506
K832239,0.10572363436222076
K775820,0.12217164039611816
K951210,0.16790981590747833
K831902,0.2582700252532959
K997934,0.714804470539093
K840819,0.1919962614774704
K920124,0.30847078561782837
K632410,0.91677325963974
K797632,0.5232170820236206
K577007,0.19011665880680084
K921205,0.13717560470104218
K564779,0.999978
K839234,0.10382387042045593
K785453,0.09196008741855621
K516647,0.8745688199996948
K680036,0.18138808012008667
K829126,0.14639179408550262
K820075,0.9248747229576111
K803314,0.15270519256591797
K811791,0.8674823641777039
K837754,0.5317044854164124
K740914,0.8951451778411865
K574453,0.925958514213562
K681272,0.18345144391059875
K833225,0.8571845889091492
K971655,0.8502846360206604
K515709,0.09673814475536346
K659847,0.10423389822244644
K625336,0.18371395766735077
K594970,0.11758661270141602
K916315,0.5825324058532715
K594557,0.11239311099052429
K973882,0.15685367584228516
K592002,0.3892659842967987
K752499,0.09067897498607635
K958647,0.11164646595716476
K628218,0.12371449917554855
K873498,0.11178944259881973
K661138,0.08710388094186783
K685375,0.3137948215007782
K629207,0.2944473326206207
K586523,0.2893352210521698
K524882,0.661653995513916
K800276,0.10387812554836273
K950331,0.25368860363960266
K584761,0.8484896421432495
K659896,0.1266661435365677
K565316,0.08987302333116531
K741724,0.27354466915130615
K690887,0.2339351624250412
K938813,0.21076789498329163
K755369,0.11169422417879105
K968689,0.09309852123260498
K850756,0.24783869087696075
K695682,0.15381468832492828
K843794,0.10450561344623566
K677078,0.8127011656761169
K692670,0.255267858505249
K642533,0.18431416153907776
K779115,0.092635877430439
K545728,0.15610334277153015
K538637,0.20228296518325806
K633551,0.10089144855737686
K810249,0.999965
K695563,0.09155402332544327
K709162,0.1814359873533249
K732622,0.07477062195539474
K502495,0.07515747845172882
K877405,0.13545438647270203
K570807,0.0988728478550911
K644840,0.14216144382953644
K541984,0.7273960113525391
K627537,0.10770369321107864
K660012,0.17736950516700745
K631841,0.10731851309537888
K958194,0.09461379796266556
K701637,0.1587899774312973
K623674,0.11187292635440826
K859222,0.12619736790657043
K891895,0.1847650557756424
K791214,0.19042038917541504
K854700,0.27986347675323486
K667624,0.18140888214111328
K856157,0.16652937233448029
K500790,0.26096266508102417
K534506,0.1669149100780487
K844039,0.10568346083164215
K894380,0.12019959837198257
K705518,0.10615897178649902
K564784,0.7126803398132324
K513946,0.21387629210948944
K804459,0.13381314277648926
K667218,0.286204993724823
K645652,0.13501664996147156
K588080,0.07990077137947083
K799300,0.1495869755744934
K941506,0.28222376108169556
K766673,0.8597343564033508
K796571,0.3225971460342407
K735172,0.8999297618865967
K848826,0.08949339389801025
K863494,0.13404013216495514
K715573,0.20286014676094055
K681717,0.471771240234375
K684789,0.2154165804386139
K856470,0.12385125458240509
K958300,0.9029582142829895
K632996,0.08471269905567169
K831538,0.11178155243396759
K955080,0.17354851961135864
K597512,0.13073456287384033
K888527,0.11095866560935974
K900153,0.12675389647483826
K727388,0.15411044657230377
K604056,0.11219549924135208
K800570,0.26229581236839294
K524847,0.11996720731258392
K819196,0.08295846730470657
K573444,0.17289943993091583
K779687,0.09367049485445023
K899685,0.2294236123561859
K540562,0.1687391996383667
K638302,0.16878581047058105
K854218,0.14784783124923706
K844939,0.6445490121841431
K775219,0.15162017941474915
K995580,0.3906062841415405
K656616,0.362297922372818
K515067,0.11828089505434036
K976977,0.08818203210830688
K917521,0.10851913690567017
K596388,0.181780144572258
K653791,0.307890921831131
K949608,0.22547689080238342
K783330,0.8477820158004761
K739907,0.10902082175016403
K944586,0.18170315027236938
K949898,0.0998561903834343
K596554,0.12600524723529816
K792637,0.1262398064136505
K574999,0.19213436543941498
K676674,0.825178861618042
K530610,0.1516532599925995
K531004,0.14950920641422272
K816842,0.38521459698677063
K664617,0.29557040333747864
K666447,0.1597084254026413
K540838,0.41805553436279297
K583211,0.1071176528930664
K528646,0.11505479365587234
K628409,0.254049152135849
K838095,0.09117652475833893
K726506,0.1813538819551468
K882026,0.1450759619474411
K554134,0.9151074886322021
K685540,0.11352338641881943
K862467,0.25515490770339966
K591663,0.20788858830928802
K679436,0.999989
K876161,0.200820654630661
K628081,0.1579046994447708
K630988,0.3314615786075592
K541117,0.11428332328796387
K621700,0.10916803777217865
K643917,0.12899917364120483
K980530,0.20036156475543976
K642830,0.8617279529571533
K974228,0.18950223922729492
K572593,0.15892909467220306
K796802,0.08229199796915054
K923986,0.10321803390979767
K885168,0.20841743052005768
K608768,0.10415138304233551
K639398,0.14400166273117065
K570580,0.8395699262619019
K924376,0.12578599154949188
K749867,0.1824130415916443
K823366,0.18746346235275269
K871120,0.19018220901489258
K840273,0.11077990382909775
K749728,0.999969
K608723,0.23183706402778625
K553721,0.6120784878730774
K518774,0.12807244062423706
K801738,0.6694002151489258
K837369,0.8160080909729004
K747598,0.1531536877155304
K847550,0.18382106721401215
K532157,0.10515221208333969
K840633,0.20168495178222656
K639822,0.18586543202400208
K643169,0.0889233648777008
K888866,0.34335213899612427
K596439,0.30844852328300476
K954656,0.13370223343372345
K720469,0.09601667523384094
K810516,0.1461542248725891
K688801,0.16385532915592194
K731117,0.7430869936943054
K708258,0.10087725520133972
K504535,0.30127033591270447
K554673,0.7781790494918823
K928773,0.2592840790748596
K807342,0.13906940817832947
K989180,0.10857990384101868
K523923,0.4134087562561035
K643238,0.7870508432388306
K550375,0.08464805781841278
K915523,0.20006601512432098
K949854,0.3210481107234955
K975769,0.4796864986419678
K599643,0.15785081684589386
K637977,0.22088170051574707
K837230,0.10775944590568542
K606433,0.8624716401100159
K927419,0.2765398323535919
K808449,0.1562785804271698
K764149,0.13895630836486816
K823481,0.16915516555309296
K562973,0.5727399587631226
K590087,0.10677171498537064
K888162,0.8364662528038025
K987214,0.09052450954914093
K956537,0.6580854654312134
K978520,0.2520601451396942
K840320,0.8727278113365173
K680734,0.13927701115608215
K582528,0.8435345888137817
K975153,0.13210539519786835
K802558,0.8533143401145935
K900616,0.14894136786460876
K779392,0.0855005756020546
K947277,0.3039606511592865
K888520,0.16307605803012848
K687794,0.12350581586360931
K813825,0.999996
K548779,0.8850988745689392
K613611,0.1259230375289917
K554225,0.26786231994628906
K872291,0.13340330123901367
K762123,0.1576744019985199
K588314,0.18219749629497528
K826807,0.2456127554178238
K982731,0.2138681411743164
K623037,0.2366168349981308
K883413,0.11926411092281342
